River Basin,Station,Unit,Date,Time,Alert Level,Minor Flood Level,Major Flood Level,Water Level Previous,Water Level Current,Remarks,Water Level Trend,Rainfall (mm),Datetime,Trend_Encoded,Risk_Level,Month,Day,Hour
Kelani Ganga,Holombuwa,m,5-Jun-21,9:30 PM,3.0,3.4,5.0,3.18,3.12,Alert,Falling,46.8,2021-06-05 21:30:00,-1.0,Medium,6,5,21
Kelani Ganga,Holombuwa,m,6-Jun-21,3:30 PM,3.0,3.4,5.0,1.78,1.7,Normal,,0.0,2021-06-06 15:30:00,0.0,Low,6,6,15
Kelani Ganga,Holombuwa,m,7-Jun-21,9:30 PM,3.0,3.4,5.0,1.16,1.15,Normal,,0.0,2021-06-07 21:30:00,0.0,Low,6,7,21
Kelani Ganga,Holombuwa,m,8-Jun-21,6:30 AM,3.0,3.4,5.0,1.1,1.1,Normal,,0.0,2021-06-08 06:30:00,0.0,Low,6,8,6
Kelani Ganga,Holombuwa,m,8-Jun-21,6:30 PM,3.0,3.4,5.0,1.56,1.82,Normal,,61.1,2021-06-08 18:30:00,0.0,Low,6,8,18
Kelani Ganga,Holombuwa,m,9-Jun-21,9:30 PM,3.0,3.4,5.0,1.79,1.83,Normal,,9.6,2021-06-09 21:30:00,0.0,Low,6,9,21
Kelani Ganga,Holombuwa,m,10-Jun-21,9:30 AM,3.0,3.4,5.0,1.44,1.44,Normal,,11.3,2021-06-10 09:30:00,0.0,Low,6,10,9
Kelani Ganga,Holombuwa,m,14-Jun-21,9:30 AM,3.0,3.4,5.0,1.94,1.89,Normal,,79.1,2021-06-14 09:30:00,0.0,Low,6,14,9
Kelani Ganga,Holombuwa,m,11-Jul-21,6:30 AM,3.0,3.4,5.0,1.06,1.12,Normal,,13.5,2021-07-11 06:30:00,0.0,Low,7,11,6
Kelani Ganga,Holombuwa,m,11-Jul-21,3:30 PM,3.0,3.4,5.0,0.86,0.84,Normal,,0.0,2021-07-11 15:30:00,0.0,Low,7,11,15
Kelani Ganga,Holombuwa,m,9-Aug-21,9:30 AM,3.0,3.4,5.0,1.31,1.39,Normal,,59.7,2021-08-09 09:30:00,0.0,Low,8,9,9
Kelani Ganga,Holombuwa,m,13-Aug-21,9:30 AM,3.0,3.4,5.0,0.88,0.87,Normal,,5.3,2021-08-13 09:30:00,0.0,Low,8,13,9
Kelani Ganga,Holombuwa,m,26-Aug-21,9:30 AM,3.0,3.4,5.0,0.47,0.5,Normal,,27.1,2021-08-26 09:30:00,0.0,Low,8,26,9
Kelani Ganga,Holombuwa,m,27-Aug-21,9:30 AM,3.0,3.4,5.0,0.68,0.68,Normal,,26.0,2021-08-27 09:30:00,0.0,Low,8,27,9
Kelani Ganga,Holombuwa,m,28-Aug-21,9:30 AM,3.0,3.4,5.0,0.61,0.61,Normal,,3.1,2021-08-28 09:30:00,0.0,Low,8,28,9
Kelani Ganga,Holombuwa,m,5-Sep-21,9:30 AM,3.0,3.4,5.0,0.83,0.84,Normal,,17.7,2021-09-05 09:30:00,0.0,Low,9,5,9
Kelani Ganga,Holombuwa,m,22-Sep-21,9:30 AM,3.0,3.4,5.0,0.56,0.56,Normal,,2.5,2021-09-22 09:30:00,0.0,Low,9,22,9
Kelani Ganga,Holombuwa,m,25-Sep-21,9:30 AM,3.0,3.4,5.0,0.78,1.16,Normal,,130.9,2021-09-25 09:30:00,0.0,Low,9,25,9
Kelani Ganga,Holombuwa,m,27-Sep-21,9:30 AM,3.0,3.4,5.0,1.32,1.28,Normal,,31.1,2021-09-27 09:30:00,0.0,Low,9,27,9
Kelani Ganga,Holombuwa,m,28-Sep-21,9:30 AM,3.0,3.4,5.0,1.22,1.3,Normal,,38.4,2021-09-28 09:30:00,0.0,Low,9,28,9
Kelani Ganga,Holombuwa,m,2-Oct-21,9:30 AM,3.0,3.4,5.0,1.04,1.02,Normal,,19.2,2021-10-02 09:30:00,0.0,Low,10,2,9
Kelani Ganga,Holombuwa,m,6-Oct-21,9:30 AM,3.0,3.4,5.0,1.7,1.73,Normal,,56.5,2021-10-06 09:30:00,0.0,Low,10,6,9
Kelani Ganga,Holombuwa,m,7-Oct-21,9:30 AM,3.0,3.4,5.0,0.94,0.92,Normal,,0.0,2021-10-07 09:30:00,0.0,Low,10,7,9
Kelani Ganga,Holombuwa,m,8-Oct-21,9:30 AM,3.0,3.4,5.0,0.74,0.73,Normal,,0.0,2021-10-08 09:30:00,0.0,Low,10,8,9
Kelani Ganga,Holombuwa,m,21-Oct-21,9:30 AM,3.0,3.4,5.0,0.82,0.8,Normal,,36.7,2021-10-21 09:30:00,0.0,Low,10,21,9
Kelani Ganga,Holombuwa,m,27-Oct-21,9:30 AM,3.0,3.4,5.0,1.42,1.32,Normal,,41.8,2021-10-27 09:30:00,0.0,Low,10,27,9
Kelani Ganga,Holombuwa,m,1-Nov-21,9:30 AM,3.0,3.4,5.0,1.87,1.78,Normal,,9.5,2021-11-01 09:30:00,0.0,Low,11,1,9
Kelani Ganga,Holombuwa,m,3-Nov-21,9:30 AM,3.0,3.4,5.0,1.24,1.21,Normal,,54.6,2021-11-03 09:30:00,0.0,Low,11,3,9
Kelani Ganga,Holombuwa,m,4-Nov-21,9:30 AM,3.0,3.4,5.0,1.0,0.9,Normal,,7.5,2021-11-04 09:30:00,0.0,Low,11,4,9
Kelani Ganga,Holombuwa,m,5-Nov-21,9:30 AM,3.0,3.4,5.0,0.91,0.9,Normal,,7.4,2021-11-05 09:30:00,0.0,Low,11,5,9
Kelani Ganga,Holombuwa,m,7-Nov-21,9:30 AM,3.0,3.4,5.0,1.51,1.54,Normal,,30.0,2021-11-07 09:30:00,0.0,Low,11,7,9
Kelani Ganga,Holombuwa,m,8-Nov-21,9:30 AM,3.0,3.4,5.0,2.7,2.54,Normal,,58.9,2021-11-08 09:30:00,0.0,Low,11,8,9
Kelani Ganga,Holombuwa,m,8-Nov-21,9:30 PM,3.0,3.4,5.0,5.04,5.08,Major Flood,Rising,55.6,2021-11-08 21:30:00,1.0,High,11,8,21
Kelani Ganga,Holombuwa,m,9-Nov-21,9:30 AM,3.0,3.4,5.0,3.5,3.32,Alert,Falling,87.5,2021-11-09 09:30:00,-1.0,Medium,11,9,9
Kelani Ganga,Holombuwa,m,9-Nov-21,12:30 AM,3.0,3.4,5.0,4.5,4.16,Minor Flood,Falling,59.8,2021-11-09 00:30:00,-1.0,High,11,9,0
Kelani Ganga,Holombuwa,m,10-Nov-21,9:30 AM,3.0,3.4,5.0,3.93,4.7,Normal,,203.6,2021-11-10 09:30:00,0.0,Low,11,10,9
Kelani Ganga,Holombuwa,m,11-Nov-21,9:30 AM,3.0,3.4,5.0,4.7,3.86,Normal,,51.8,2021-11-11 09:30:00,0.0,Low,11,11,9
Kelani Ganga,Holombuwa,m,12-Nov-21,9:30 AM,3.0,3.4,5.0,3.86,2.34,Normal,,18.9,2021-11-12 09:30:00,0.0,Low,11,12,9
Kelani Ganga,Holombuwa,m,13-Nov-21,9:30 AM,3.0,3.4,5.0,2.34,1.66,Normal,,11.6,2021-11-13 09:30:00,0.0,Low,11,13,9
Kelani Ganga,Holombuwa,m,14-Nov-21,9:30 AM,3.0,3.4,5.0,1.66,1.36,Normal,,11.9,2021-11-14 09:30:00,0.0,Low,11,14,9
Kelani Ganga,Holombuwa,m,15-Nov-21,9:30 AM,3.0,3.4,5.0,1.36,1.4,Normal,,22.8,2021-11-15 09:30:00,0.0,Low,11,15,9
Kelani Ganga,Holombuwa,m,16-Nov-21,9:30 AM,3.0,3.4,5.0,1.4,1.28,Normal,,12.0,2021-11-16 09:30:00,0.0,Low,11,16,9
Kelani Ganga,Holombuwa,m,17-Nov-21,9:30 AM,3.0,3.4,5.0,1.28,1.02,Normal,,1.4,2021-11-17 09:30:00,0.0,Low,11,17,9
Kelani Ganga,Holombuwa,m,21-Nov-21,9:30 AM,3.0,3.4,5.0,0.8,0.8,Normal,,8.0,2021-11-21 09:30:00,0.0,Low,11,21,9
Kelani Ganga,Holombuwa,m,28-Nov-21,9:30 AM,3.0,3.4,5.0,0.82,0.8,Normal,,0.0,2021-11-28 09:30:00,0.0,Low,11,28,9
Kelani Ganga,Holombuwa,m,29-Nov-21,9:30 AM,3.0,3.4,5.0,1.38,1.36,Normal,,28.6,2021-11-29 09:30:00,0.0,Low,11,29,9
Kelani Ganga,Holombuwa,m,30-Nov-21,9:30 AM,3.0,3.4,5.0,1.6,1.54,Normal,,13.5,2021-11-30 09:30:00,0.0,Low,11,30,9
Kelani Ganga,Holombuwa,m,1-Dec-21,9:30 AM,3.0,3.4,5.0,1.24,1.22,Normal,,13.1,2021-12-01 09:30:00,0.0,Low,12,1,9
Kelani Ganga,Holombuwa,m,2-Dec-21,9:30 AM,3.0,3.4,5.0,0.98,0.98,Normal,,0.6,2021-12-02 09:30:00,0.0,Low,12,2,9
Kelani Ganga,Holombuwa,m,5-Dec-21,9:30 AM,3.0,3.4,5.0,0.79,0.78,Normal,,0.0,2021-12-05 09:30:00,0.0,Low,12,5,9
Kelani Ganga,Holombuwa,m,7-Dec-21,9:30 AM,3.0,3.4,5.0,0.83,0.81,Normal,,0.0,2021-12-07 09:30:00,0.0,Low,12,7,9
Kelani Ganga,Holombuwa,m,8-Dec-21,9:30 AM,3.0,3.4,5.0,0.7,0.68,Normal,,0.0,2021-12-08 09:30:00,0.0,Low,12,8,9
Kelani Ganga,Holombuwa,m,19-Dec-21,9:30 AM,3.0,3.4,5.0,0.5,0.48,Normal,,0.0,2021-12-19 09:30:00,0.0,Low,12,19,9
Kelani Ganga,Holombuwa,m,20-Dec-21,9:30 AM,3.0,3.4,5.0,0.48,0.46,Normal,,0.0,2021-12-20 09:30:00,0.0,Low,12,20,9
Kelani Ganga,Holombuwa,m,10-Jan-22,9:30 AM,3.0,3.4,5.0,0.25,0.24,Normal,,0.3,2022-01-10 09:30:00,0.0,Low,1,10,9
Kelani Ganga,Holombuwa,m,13-Jan-22,9:30 AM,3.0,3.4,5.0,0.23,0.23,Normal,,0.0,2022-01-13 09:30:00,0.0,Low,1,13,9
Kelani Ganga,Holombuwa,m,9-Apr-22,9:30 AM,3.0,3.4,5.0,0.6,0.59,Normal,,16.0,2022-04-09 09:30:00,0.0,Low,4,9,9
Kelani Ganga,Holombuwa,m,10-Apr-22,9:30 AM,3.0,3.4,5.0,0.62,0.6,Normal,,76.4,2022-04-10 09:30:00,0.0,Low,4,10,9
Kelani Ganga,Holombuwa,m,11-Apr-22,9:30 AM,3.0,3.4,5.0,0.56,0.54,Normal,,15.9,2022-04-11 09:30:00,0.0,Low,4,11,9
Kelani Ganga,Holombuwa,m,16-Apr-22,9:30 AM,3.0,3.4,5.0,0.26,0.26,Normal,,0.0,2022-04-16 09:30:00,0.0,Low,4,16,9
Kelani Ganga,Holombuwa,m,23-Apr-22,9:30 AM,3.0,3.4,5.0,0.24,0.25,Normal,,6.0,2022-04-23 09:30:00,0.0,Low,4,23,9
Kelani Ganga,Holombuwa,m,24-Apr-22,9:30 AM,3.0,3.4,5.0,0.2,0.2,Normal,,1.7,2022-04-24 09:30:00,0.0,Low,4,24,9
Kelani Ganga,Holombuwa,m,5-May-22,9:30 AM,3.0,3.4,5.0,0.17,0.17,Normal,,0.0,2022-05-05 09:30:00,0.0,Low,5,5,9
Kelani Ganga,Holombuwa,m,6-May-22,9:30 AM,3.0,3.4,5.0,0.18,0.17,Normal,,0.0,2022-05-06 09:30:00,0.0,Low,5,6,9
Kelani Ganga,Holombuwa,m,7-May-22,9:30 AM,3.0,3.4,5.0,0.24,0.22,Normal,,3.4,2022-05-07 09:30:00,0.0,Low,5,7,9
Kelani Ganga,Holombuwa,m,11-May-22,9:30 AM,3.0,3.4,5.0,1.8,1.81,Normal,,59.2,2022-05-11 09:30:00,0.0,Low,5,11,9
Kelani Ganga,Holombuwa,m,12-May-22,9:30 AM,3.0,3.4,5.0,0.5,0.5,Normal,,3.1,2022-05-12 09:30:00,0.0,Low,5,12,9
Kelani Ganga,Holombuwa,m,13-May-22,9:30 AM,3.0,3.4,5.0,1.71,1.67,Normal,,37.8,2022-05-13 09:30:00,0.0,Low,5,13,9
Kelani Ganga,Holombuwa,m,19-May-22,9:30 AM,3.0,3.4,5.0,0.97,0.97,Normal,,0.0,2022-05-19 09:30:00,0.0,Low,5,19,9
Kelani Ganga,Holombuwa,m,20-May-22,9:30 AM,3.0,3.4,5.0,0.7,0.7,Normal,,8.1,2022-05-20 09:30:00,0.0,Low,5,20,9
Kelani Ganga,Holombuwa,m,21-May-22,9:30 AM,3.0,3.4,5.0,0.58,0.58,Normal,,5.1,2022-05-21 09:30:00,0.0,Low,5,21,9
Kelani Ganga,Holombuwa,m,22-May-22,9:30 AM,3.0,3.4,5.0,0.52,0.48,Normal,,2.6,2022-05-22 09:30:00,0.0,Low,5,22,9
Kelani Ganga,Holombuwa,m,25-May-22,9:30 AM,3.0,3.4,5.0,0.92,1.07,Normal,,85.8,2022-05-25 09:30:00,0.0,Low,5,25,9
Kelani Ganga,Holombuwa,m,26-May-22,9:30 AM,3.0,3.4,5.0,0.86,0.88,Normal,,11.8,2022-05-26 09:30:00,0.0,Low,5,26,9
Kelani Ganga,Holombuwa,m,27-May-22,9:30 AM,3.0,3.4,5.0,1.56,1.64,Normal,,105.1,2022-05-27 09:30:00,0.0,Low,5,27,9
Kelani Ganga,Holombuwa,m,28-May-22,9:30 AM,3.0,3.4,5.0,0.88,0.98,Normal,,10.4,2022-05-28 09:30:00,0.0,Low,5,28,9
Kelani Ganga,Holombuwa,m,29-May-22,9:30 AM,3.0,3.4,5.0,1.22,1.26,Normal,,14.3,2022-05-29 09:30:00,0.0,Low,5,29,9
Kelani Ganga,Holombuwa,m,30-May-22,9:30 AM,3.0,3.4,5.0,1.53,1.41,Normal,,41.4,2022-05-30 09:30:00,0.0,Low,5,30,9
Kelani Ganga,Holombuwa,m,31-May-22,9:30 PM,3.0,3.4,5.0,2.84,2.61,Normal,,42.7,2022-05-31 21:30:00,0.0,Low,5,31,21
Kelani Ganga,Holombuwa,m,1-Jun-22,9:30 PM,3.0,3.4,5.0,1.66,1.53,Normal,,22.9,2022-06-01 21:30:00,0.0,Low,6,1,21
Kelani Ganga,Holombuwa,m,2-Jun-22,10:30 PM,3.0,3.4,5.0,1.19,1.17,Normal,,9.4,2022-06-02 22:30:00,0.0,Low,6,2,22
Kelani Ganga,Holombuwa,m,3-Jun-22,9:30 PM,3.0,3.4,5.0,0.91,0.9,Normal,,0.0,2022-06-03 21:30:00,0.0,Low,6,3,21
Kelani Ganga,Holombuwa,m,4-Jun-22,3:30 PM,3.0,3.4,5.0,0.76,0.76,Normal,,0.6,2022-06-04 15:30:00,0.0,Low,6,4,15
Kelani Ganga,Holombuwa,m,7-Jun-22,9:30 AM,3.0,3.4,5.0,0.6,0.6,Normal,,1.4,2022-06-07 09:30:00,0.0,Low,6,7,9
Kelani Ganga,Holombuwa,m,10-Jun-22,9:30 AM,3.0,3.4,5.0,0.53,0.53,Normal,,0.3,2022-06-10 09:30:00,0.0,Low,6,10,9
Kelani Ganga,Holombuwa,m,4-Jul-22,9:30 AM,3.0,3.4,5.0,0.48,0.47,Normal,,2.8,2022-07-04 09:30:00,0.0,Low,7,4,9
Kelani Ganga,Holombuwa,m,22-Jul-22,9:30 AM,3.0,3.4,5.0,0.52,0.5,Normal,,0.8,2022-07-22 09:30:00,0.0,Low,7,22,9
Kelani Ganga,Holombuwa,m,1-Aug-22,6:30 PM,3.0,3.4,5.0,2.14,1.94,Normal,,18.1,2022-08-01 18:30:00,0.0,Low,8,1,18
Kelani Ganga,Holombuwa,m,6-Aug-22,9:30 AM,3.0,3.4,5.0,1.2,1.06,Normal,,18.7,2022-08-06 09:30:00,0.0,Low,8,6,9
Kelani Ganga,Holombuwa,m,8-Aug-22,9:30 AM,3.0,3.4,5.0,0.62,0.6,Normal,,1.7,2022-08-08 09:30:00,0.0,Low,8,8,9
Kelani Ganga,Holombuwa,m,2-Aug-22,12:30 AM,3.0,3.4,5.0,1.26,1.24,Normal,,19.5,2022-08-02 00:30:00,0.0,Low,8,2,0
Kelani Ganga,Holombuwa,m,2-Aug-22,12:30 PM,3.0,3.4,5.0,0.98,0.83,Normal,,1.2,2022-08-02 12:30:00,0.0,Low,8,2,12
Kelani Ganga,Holombuwa,m,3-Aug-22,9:30 PM,3.0,3.4,5.0,1.95,1.97,Normal,,17.9,2022-08-03 21:30:00,0.0,Low,8,3,21
Kelani Ganga,Holombuwa,m,4-Aug-22,9:30 PM,3.0,3.4,5.0,1.35,1.36,Normal,,15.7,2022-08-04 21:30:00,0.0,Low,8,4,21
Kelani Ganga,Holombuwa,m,5-Aug-22,6:30 PM,3.0,3.4,5.0,1.1,1.1,Normal,,8.6,2022-08-05 18:30:00,0.0,Low,8,5,18
Kelani Ganga,Holombuwa,m,6-Aug-22,9:30 AM,3.0,3.4,5.0,1.2,1.06,Normal,,15.0,2022-08-06 09:30:00,0.0,Low,8,6,9
Kelani Ganga,Holombuwa,m,7-Aug-22,9:30 AM,3.0,3.4,5.0,0.76,0.76,Normal,,1.5,2022-08-07 09:30:00,0.0,Low,8,7,9
Kelani Ganga,Holombuwa,m,8-Aug-22,9:30 AM,3.0,3.4,5.0,0.62,0.6,Normal,,0.0,2022-08-08 09:30:00,0.0,Low,8,8,9
Kelani Ganga,Holombuwa,m,27-Aug-22,9:30 AM,3.0,3.4,5.0,2.32,2.05,Normal,,81.7,2022-08-27 09:30:00,0.0,Low,8,27,9
Kelani Ganga,Holombuwa,m,31-Aug-22,9:30 PM,3.0,3.4,5.0,1.96,2.26,Normal,,87.6,2022-08-31 21:30:00,0.0,Low,8,31,21
Kelani Ganga,Holombuwa,m,1-Sep-22,3:30 PM,3.0,3.4,5.0,2.47,2.25,Normal,,4.1,2022-09-01 15:30:00,0.0,Low,9,1,15
Kelani Ganga,Holombuwa,m,2-Sep-22,3:30 PM,3.0,3.4,5.0,0.92,0.9,Normal,,0.9,2022-09-02 15:30:00,0.0,Low,9,2,15
Kelani Ganga,Holombuwa,m,3-Sep-22,12:30 PM,3.0,3.4,5.0,0.7,0.69,Normal,,3.7,2022-09-03 12:30:00,0.0,Low,9,3,12
Kelani Ganga,Holombuwa,m,4-Sep-22,12:30 PM,3.0,3.4,5.0,0.66,0.67,Normal,,1.2,2022-09-04 12:30:00,0.0,Low,9,4,12
Kelani Ganga,Holombuwa,m,5-Sep-22,9:30 PM,3.0,3.4,5.0,5.9,6.08,Maine Flood,Rising,96.6,2022-09-05 21:30:00,1.0,Low,9,5,21
Kelani Ganga,Holombuwa,m,6-Sep-22,3:30 PM,3.0,3.4,5.0,1.98,1.91,Normal,,0.0,2022-09-06 15:30:00,0.0,Low,9,6,15
Kelani Ganga,Holombuwa,m,6-Sep-22,6:30 PM,3.0,3.4,5.0,1.79,1.74,Normal,,0.0,2022-09-06 18:30:00,0.0,Low,9,6,18
Kelani Ganga,Holombuwa,m,7-Sep-22,11:00 PM,3.0,3.4,5.0,1.5,1.5,Normal,,0.0,2022-09-07 23:00:00,0.0,Low,9,7,23
Kelani Ganga,Holombuwa,m,7-Sep-22,12:30 PM,3.0,3.4,5.0,1.28,1.26,Normal,,3.7,2022-09-07 12:30:00,0.0,Low,9,7,12
Kelani Ganga,Holombuwa,m,7-Sep-22,3:30 PM,3.0,3.4,5.0,1.2,1.18,Normal,,10.0,2022-09-07 15:30:00,0.0,Low,9,7,15
Kelani Ganga,Holombuwa,m,7-Sep-22,6:30 AM,3.0,3.4,5.0,1.4,1.37,Normal,,0.0,2022-09-07 06:30:00,0.0,Low,9,7,6
Kelani Ganga,Holombuwa,m,7-Sep-22,9:30 AM,3.0,3.4,5.0,1.38,1.34,Normal,,0.0,2022-09-07 09:30:00,0.0,Low,9,7,9
Kelani Ganga,Holombuwa,m,7-Sep-22,11:00 PM,3.0,3.4,5.0,1.5,1.5,Normal,,0.0,2022-09-07 23:00:00,0.0,Low,9,7,23
Kelani Ganga,Holombuwa,m,7-Sep-22,3:30 PM,3.0,3.4,5.0,1.2,1.18,Normal,,1.7,2022-09-07 15:30:00,0.0,Low,9,7,15
Kelani Ganga,Holombuwa,m,8-Sep-22,12:30 PM,3.0,3.4,5.0,1.08,1.05,Normal,,0.0,2022-09-08 12:30:00,0.0,Low,9,8,12
Kelani Ganga,Holombuwa,m,8-Sep-22,9:30 AM,3.0,3.4,5.0,1.03,1.03,Normal,,14.4,2022-09-08 09:30:00,0.0,Low,9,8,9
Kelani Ganga,Holombuwa,m,9-Sep-22,9:30 AM,3.0,3.4,5.0,0.87,0.86,Normal,,0.0,2022-09-09 09:30:00,0.0,Low,9,9,9
Kelani Ganga,Holombuwa,m,10-Sep-22,9:30 AM,3.0,3.4,5.0,0.75,0.75,Normal,,0.0,2022-09-10 09:30:00,0.0,Low,9,10,9
Kelani Ganga,Holombuwa,m,13-Oct-22,9:30 AM,3.0,3.4,5.0,0.7,0.67,Normal,,107.0,2022-10-13 09:30:00,0.0,Low,10,13,9
Kelani Ganga,Holombuwa,m,14-Oct-22,9:30 AM,3.0,3.4,5.0,0.74,0.73,Normal,,25.0,2022-10-14 09:30:00,0.0,Low,10,14,9
Kelani Ganga,Holombuwa,m,14-Oct-22,9:30 PM,3.0,3.4,5.0,4.4,4.43,Minor Flood,Falling,194.7,2022-10-14 21:30:00,-1.0,High,10,14,21
Kelani Ganga,Holombuwa,m,15-Oct-22,9:30 PM,3.0,3.4,5.0,1.88,1.75,Normal,,14.6,2022-10-15 21:30:00,0.0,Low,10,15,21
Kelani Ganga,Holombuwa,m,16-Oct-22,3:30 AM,3.0,3.4,5.0,1.4,1.38,Normal,,16.3,2022-10-16 03:30:00,0.0,Low,10,16,3
Kelani Ganga,Holombuwa,m,16-Oct-22,12:30 AM,3.0,3.4,5.0,1.52,1.46,Normal,,16.3,2022-10-16 00:30:00,0.0,Low,10,16,0
Kelani Ganga,Holombuwa,m,17-Oct-22,6:30 PM,3.0,3.4,5.0,1.26,1.3,Normal,,7.8,2022-10-17 18:30:00,0.0,Low,10,17,18
Kelani Ganga,Holombuwa,m,17-Oct-22,12:30 AM,3.0,3.4,5.0,0.9,0.89,Normal,,1.4,2022-10-17 00:30:00,0.0,Low,10,17,0
Kelani Ganga,Holombuwa,m,18-Oct-22,6:30 PM,3.0,3.4,5.0,2.16,2.42,Normal,,57.4,2022-10-18 18:30:00,0.0,Low,10,18,18
Kelani Ganga,Holombuwa,m,19-Oct-22,3:30 PM,3.0,3.4,5.0,1.38,1.36,Normal,,2.2,2022-10-19 15:30:00,0.0,Low,10,19,15
Kelani Ganga,Holombuwa,m,20-Oct-22,9:30 AM,3.0,3.4,5.0,1.15,1.15,Normal,,7.0,2022-10-20 09:30:00,0.0,Low,10,20,9
Kelani Ganga,Holombuwa,m,21-Oct-22,9:30 AM,3.0,3.4,5.0,2.27,2.65,Normal,,40.4,2022-10-21 09:30:00,0.0,Low,10,21,9
Kelani Ganga,Holombuwa,m,22-Oct-22,9:30 AM,3.0,3.4,5.0,1.32,1.3,Normal,,7.0,2022-10-22 09:30:00,0.0,Low,10,22,9
Kelani Ganga,Holombuwa,m,23-Oct-22,9:30 AM,3.0,3.4,5.0,1.1,1.09,Normal,,6.1,2022-10-23 09:30:00,0.0,Low,10,23,9
Kelani Ganga,Holombuwa,m,26-Oct-22,9:30 AM,3.0,3.4,5.0,1.33,1.31,Normal,,28.1,2022-10-26 09:30:00,0.0,Low,10,26,9
Kelani Ganga,Holombuwa,m,27-Oct-22,9:30 AM,3.0,3.4,5.0,1.03,1.02,Normal,,14.3,2022-10-27 09:30:00,0.0,Low,10,27,9
Kelani Ganga,Holombuwa,m,29-Oct-22,9:30 AM,3.0,3.4,5.0,0.65,0.65,Normal,,0.0,2022-10-29 09:30:00,0.0,Low,10,29,9
Kelani Ganga,Holombuwa,m,30-Oct-22,9:30 AM,3.0,3.4,5.0,1.13,1.1,Normal,,54.4,2022-10-30 09:30:00,0.0,Low,10,30,9
Kelani Ganga,Holombuwa,m,31-Oct-22,9:30 AM,3.0,3.4,5.0,1.17,1.12,Normal,,76.7,2022-10-31 09:30:00,0.0,Low,10,31,9
Kelani Ganga,Holombuwa,m,4-Nov-22,9:30 AM,3.0,3.4,5.0,1.51,1.43,Normal,,21.3,2022-11-04 09:30:00,0.0,Low,11,4,9
Kelani Ganga,Holombuwa,m,5-Nov-22,9:30 AM,3.0,3.4,5.0,1.51,1.43,Normal,,21.3,2022-11-05 09:30:00,0.0,Low,11,5,9
Kelani Ganga,Holombuwa,m,6-Nov-22,9:30 AM,3.0,3.4,5.0,1.29,1.27,Normal,,24.3,2022-11-06 09:30:00,0.0,Low,11,6,9
Kelani Ganga,Holombuwa,m,7-Nov-22,9:30 AM,3.0,3.4,5.0,0.96,0.95,Normal,,2.5,2022-11-07 09:30:00,0.0,Low,11,7,9
Kelani Ganga,Holombuwa,m,8-Nov-22,9:30 AM,3.0,3.4,5.0,0.96,0.96,Normal,,28.7,2022-11-08 09:30:00,0.0,Low,11,8,9
Kelani Ganga,Holombuwa,m,9-Nov-22,9:30 AM,3.0,3.4,5.0,0.72,0.7,Normal,,0.0,2022-11-09 09:30:00,0.0,Low,11,9,9
Kelani Ganga,Holombuwa,m,10-Nov-22,9:30 AM,3.0,3.4,5.0,0.72,0.7,Normal,,0.0,2022-11-10 09:30:00,0.0,Low,11,10,9
Kelani Ganga,Holombuwa,m,11-Nov-22,9:30 AM,3.0,3.4,5.0,0.65,0.65,Normal,,0.0,2022-11-11 09:30:00,0.0,Low,11,11,9
Kelani Ganga,Holombuwa,m,12-Nov-22,9:30 AM,3.0,3.4,5.0,0.7,0.69,Normal,,7.3,2022-11-12 09:30:00,0.0,Low,11,12,9
Kelani Ganga,Holombuwa,m,15-Nov-22,9:30 AM,3.0,3.4,5.0,1.83,1.56,Normal,,182.0,2022-11-15 09:30:00,0.0,Low,11,15,9
Kelani Ganga,Holombuwa,m,17-Nov-22,9:30 AM,3.0,3.4,5.0,1.76,0.77,Normal,,7.0,2022-11-17 09:30:00,0.0,Low,11,17,9
Kelani Ganga,Holombuwa,m,18-Nov-22,9:30 AM,3.0,3.4,5.0,0.66,0.66,Normal,,0.0,2022-11-18 09:30:00,0.0,Low,11,18,9
Kelani Ganga,Holombuwa,m,3-Dec-22,9:30 AM,3.0,3.4,5.0,1.15,0.5,Normal,,3.6,2022-12-03 09:30:00,0.0,Low,12,3,9
Kelani Ganga,Holombuwa,m,5-Dec-22,9:30 AM,3.0,3.4,5.0,0.54,0.54,Normal,,11.0,2022-12-05 09:30:00,0.0,Low,12,5,9
Kelani Ganga,Holombuwa,m,6-Dec-22,9:30 AM,3.0,3.4,5.0,1.7,0.5,Normal,,1.4,2022-12-06 09:30:00,0.0,Low,12,6,9
Kelani Ganga,Holombuwa,m,7-Dec-22,9:30 AM,3.0,3.4,5.0,1.48,0.45,Normal,,0.0,2022-12-07 09:30:00,0.0,Low,12,7,9
Kelani Ganga,Holombuwa,m,18-Dec-22,9:30 AM,3.0,3.4,5.0,1.45,0.28,Normal,,0.0,2022-12-18 09:30:00,0.0,Low,12,18,9
Kelani Ganga,Holombuwa,m,21-Dec-22,9:30 AM,3.0,3.4,5.0,1.2,0.38,Normal,,0.0,2022-12-21 09:30:00,0.0,Low,12,21,9
Kelani Ganga,Holombuwa,m,26-Dec-22,9:30 AM,3.0,3.4,5.0,0.94,0.91,Normal,,35.3,2022-12-26 09:30:00,0.0,Low,12,26,9
Kelani Ganga,Holombuwa,m,31-Jan-23,9:30 AM,3.0,3.4,5.0,0.27,0.26,Normal,,4.0,2023-01-31 09:30:00,0.0,Low,1,31,9
Kelani Ganga,Holombuwa,m,1-Feb-23,9:30 AM,3.0,3.4,5.0,0.24,0.23,Normal,,2.3,2023-02-01 09:30:00,0.0,Low,2,1,9
Kelani Ganga,Holombuwa,m,2-Feb-23,3:30 PM,3.0,3.4,5.0,0.29,0.41,Normal,,0.0,2023-02-02 15:30:00,0.0,Low,2,2,15
Kelani Ganga,Holombuwa,m,3-Feb-23,3:30 PM,3.0,3.4,5.0,0.48,0.46,Normal,,0.0,2023-02-03 15:30:00,0.0,Low,2,3,15
Kelani Ganga,Holombuwa,m,4-Feb-23,9:30 AM,3.0,3.4,5.0,0.41,0.38,Normal,,0.3,2023-02-04 09:30:00,0.0,Low,2,4,9
Kelani Ganga,Holombuwa,m,5-Feb-23,3:30 PM,3.0,3.4,5.0,0.23,0.22,Normal,,0.0,2023-02-05 15:30:00,0.0,Low,2,5,15
Kelani Ganga,Holombuwa,m,2-Mar-23,9:30 AM,3.0,3.4,5.0,0.16,0.16,Normal,,0.8,2023-03-02 09:30:00,0.0,Low,3,2,9
Kelani Ganga,Holombuwa,m,29-Apr-23,9:30 AM,3.0,3.4,5.0,0.68,0.66,Normal,,21.9,2023-04-29 09:30:00,0.0,Low,4,29,9
Kelani Ganga,Holombuwa,m,30-Apr-23,9:30 AM,3.0,3.4,5.0,1.13,1.1,Normal,,54.4,2023-04-30 09:30:00,0.0,Low,4,30,9
Kelani Ganga,Holombuwa,m,2-May-23,9:30 AM,3.0,3.4,5.0,0.62,0.62,Normal,,1.1,2023-05-02 09:30:00,0.0,Low,5,2,9
Kelani Ganga,Holombuwa,m,4-May-23,9:30 AM,3.0,3.4,5.0,0.53,0.54,Normal,,0.6,2023-05-04 09:30:00,0.0,Low,5,4,9
Kelani Ganga,Holombuwa,m,5-May-23,9:30 AM,3.0,3.4,5.0,0.51,0.53,Normal,,18.9,2023-05-05 09:30:00,0.0,Low,5,5,9
Kelani Ganga,Holombuwa,m,6-May-23,9:30 AM,3.0,3.4,5.0,0.67,0.66,Normal,,7.3,2023-05-06 09:30:00,0.0,Low,5,6,9
Kelani Ganga,Holombuwa,m,7-May-23,9:30 AM,3.0,3.4,5.0,0.96,1.22,Normal,,38.4,2023-05-07 09:30:00,0.0,Low,5,7,9
Kelani Ganga,Holombuwa,m,10-May-23,9:30 AM,3.0,3.4,5.0,0.94,0.94,Normal,,55.7,2023-05-10 09:30:00,0.0,Low,5,10,9
Kelani Ganga,Holombuwa,m,12-May-23,9:30 AM,3.0,3.4,5.0,0.93,0.92,Normal,,44.8,2023-05-12 09:30:00,0.0,Low,5,12,9
Kelani Ganga,Holombuwa,m,13-May-23,9:30 AM,3.0,3.4,5.0,0.71,0.7,Normal,,4.5,2023-05-13 09:30:00,0.0,Low,5,13,9
Kelani Ganga,Holombuwa,m,20-May-23,9:30 AM,3.0,3.4,5.0,0.3,0.3,Normal,,0.0,2023-05-20 09:30:00,0.0,Low,5,20,9
Kelani Ganga,Holombuwa,m,21-May-23,9:30 AM,3.0,3.4,5.0,0.54,0.51,Normal,,0.0,2023-05-21 09:30:00,0.0,Low,5,21,9
Kelani Ganga,Holombuwa,m,22-May-23,9:30 AM,3.0,3.4,5.0,0.28,0.28,Normal,,0.0,2023-05-22 09:30:00,0.0,Low,5,22,9
Kelani Ganga,Holombuwa,m,29-May-23,9:30 AM,3.0,3.4,5.0,0.23,0.23,Normal,,0.0,2023-05-29 09:30:00,0.0,Low,5,29,9
Kelani Ganga,Holombuwa,m,30-May-23,9:30 AM,3.0,3.4,5.0,0.51,0.47,Normal,,0.0,2023-05-30 09:30:00,0.0,Low,5,30,9
Kelani Ganga,Holombuwa,m,31-May-23,9:30 AM,3.0,3.4,5.0,0.24,0.24,Normal,,0.0,2023-05-31 09:30:00,0.0,Low,5,31,9
Kelani Ganga,Holombuwa,m,2-Jun-23,9:30 AM,3.0,3.4,5.0,0.23,0.23,Normal,,2.5,2023-06-02 09:30:00,0.0,Low,6,2,9
Kelani Ganga,Holombuwa,m,9-Jun-23,9:30 AM,3.0,3.4,5.0,0.59,0.54,Normal,,25.5,2023-06-09 09:30:00,0.0,Low,6,9,9
Kelani Ganga,Holombuwa,m,13-Jun-23,9:30 AM,3.0,3.4,5.0,0.72,0.69,Normal,,51.1,2023-06-13 09:30:00,0.0,Low,6,13,9
Kelani Ganga,Holombuwa,m,14-Jun-23,9:30 AM,3.0,3.4,5.0,0.52,0.51,Normal,,7.8,2023-06-14 09:30:00,0.0,Low,6,14,9
Kelani Ganga,Holombuwa,m,16-Jun-23,9:30 AM,3.0,3.4,5.0,0.44,0.42,Normal,,0.0,2023-06-16 09:30:00,0.0,Low,6,16,9
Kelani Ganga,Holombuwa,m,19-Jun-23,9:30 AM,3.0,3.4,5.0,0.45,0.45,Normal,,10.7,2023-06-19 09:30:00,0.0,Low,6,19,9
Kelani Ganga,Holombuwa,m,17-Jun-23,9:30 AM,3.0,3.4,5.0,0.25,0.25,Normal,,0.0,2023-06-17 09:30:00,0.0,Low,6,17,9
Kelani Ganga,Holombuwa,m,3-Jul-23,9:30 AM,3.0,3.4,5.0,0.58,0.59,Normal,,13.1,2023-07-03 09:30:00,0.0,Low,7,3,9
Kelani Ganga,Holombuwa,m,4-Jul-23,9:30 AM,3.0,3.4,5.0,0.49,0.5,Normal,,8.2,2023-07-04 09:30:00,0.0,Low,7,4,9
Kelani Ganga,Holombuwa,m,5-Jul-23,9:30 AM,3.0,3.4,5.0,0.94,0.96,Normal,,33.0,2023-07-05 09:30:00,0.0,Low,7,5,9
Kelani Ganga,Holombuwa,m,7-Jul-23,9:30 AM,3.0,3.4,5.0,0.6,0.6,Normal,,0.0,2023-07-07 09:30:00,0.0,Low,7,7,9
Kelani Ganga,Holombuwa,m,17-Jul-23,9:30 AM,3.0,3.4,5.0,0.24,0.24,Normal,,0.0,2023-07-17 09:30:00,0.0,Low,7,17,9
Kelani Ganga,Holombuwa,m,30-Jun-23,9:30 AM,3.0,3.4,5.0,0.83,0.78,Normal,,14.2,2023-06-30 09:30:00,0.0,Low,6,30,9
Kelani Ganga,Holombuwa,m,14-Aug-23,9:30 AM,3.0,3.4,5.0,0.15,0.15,Normal,,0.0,2023-08-14 09:30:00,0.0,Low,8,14,9
Kelani Ganga,Holombuwa,m,27-Aug-23,9:30 AM,3.0,3.4,5.0,0.13,0.13,Normal,,0.0,2023-08-27 09:30:00,0.0,Low,8,27,9
Kelani Ganga,Holombuwa,m,31-Aug-23,9:30 AM,3.0,3.4,5.0,0.24,0.24,Normal,,13.4,2023-08-31 09:30:00,0.0,Low,8,31,9
Kelani Ganga,Holombuwa,m,1-Sep-23,9:30 AM,3.0,3.4,5.0,0.34,0.3,Normal,,20.2,2023-09-01 09:30:00,0.0,Low,9,1,9
Kelani Ganga,Holombuwa,m,2-Sep-23,9:30 AM,3.0,3.4,5.0,0.31,0.3,Normal,,23.8,2023-09-02 09:30:00,0.0,Low,9,2,9
Kelani Ganga,Holombuwa,m,3-Sep-23,9:30 AM,3.0,3.4,5.0,0.48,0.5,Normal,,37.5,2023-09-03 09:30:00,0.0,Low,9,3,9
Kelani Ganga,Holombuwa,m,4-Sep-23,9:30 AM,3.0,3.4,5.0,2.08,1.86,Normal,,60.4,2023-09-04 09:30:00,0.0,Low,9,4,9
Kelani Ganga,Holombuwa,m,5-Sep-23,9:30 AM,3.0,3.4,5.0,0.84,0.8,Normal,,19.7,2023-09-05 09:30:00,0.0,Low,9,5,9
Kelani Ganga,Holombuwa,m,6-Sep-23,9:30 AM,3.0,3.4,5.0,0.59,0.59,Normal,,13.7,2023-09-06 09:30:00,0.0,Low,9,6,9
Kelani Ganga,Holombuwa,m,7-Sep-23,9:30 AM,3.0,3.4,5.0,1.0,1.0,Normal,,33.6,2023-09-07 09:30:00,0.0,Low,9,7,9
Kelani Ganga,Holombuwa,m,8-Sep-23,9:30 AM,3.0,3.4,5.0,2.02,1.84,Normal,,61.7,2023-09-08 09:30:00,0.0,Low,9,8,9
Kelani Ganga,Holombuwa,m,9-Sep-23,9:30 AM,3.0,3.4,5.0,0.78,0.76,Normal,,2.9,2023-09-09 09:30:00,0.0,Low,9,9,9
Kelani Ganga,Holombuwa,m,10-Sep-23,9:30 AM,3.0,3.4,5.0,0.55,0.55,Normal,,0.0,2023-09-10 09:30:00,0.0,Low,9,10,9
Kelani Ganga,Holombuwa,m,11-Sep-23,9:30 AM,3.0,3.4,5.0,0.83,0.81,Normal,,0.0,2023-09-11 09:30:00,0.0,Low,9,11,9
Kelani Ganga,Holombuwa,m,12-Sep-23,9:30 AM,3.0,3.4,5.0,0.85,0.84,Normal,,0.0,2023-09-12 09:30:00,0.0,Low,9,12,9
Kelani Ganga,Holombuwa,m,13-Sep-23,9:30 AM,3.0,3.4,5.0,0.6,0.6,Normal,,0.0,2023-09-13 09:30:00,0.0,Low,9,13,9
Kelani Ganga,Holombuwa,m,14-Sep-23,9:30 AM,3.0,3.4,5.0,0.77,0.85,Normal,,0.0,2023-09-14 09:30:00,0.0,Low,9,14,9
Kelani Ganga,Holombuwa,m,15-Sep-23,9:30 AM,3.0,3.4,5.0,1.01,1.0,Normal,,0.0,2023-09-15 09:30:00,0.0,Low,9,15,9
Kelani Ganga,Holombuwa,m,16-Sep-23,9:30 AM,3.0,3.4,5.0,0.66,0.65,Normal,,0.0,2023-09-16 09:30:00,0.0,Low,9,16,9
Kelani Ganga,Holombuwa,m,17-Sep-23,9:30 AM,3.0,3.4,5.0,0.53,0.53,Normal,,0.0,2023-09-17 09:30:00,0.0,Low,9,17,9
Kelani Ganga,Holombuwa,m,18-Sep-23,9:30 AM,3.0,3.4,5.0,0.47,0.47,Normal,,0.0,2023-09-18 09:30:00,0.0,Low,9,18,9
Kelani Ganga,Holombuwa,m,19-Sep-23,9:30 AM,3.0,3.4,5.0,0.44,0.44,Normal,,4.2,2023-09-19 09:30:00,0.0,Low,9,19,9
Kelani Ganga,Holombuwa,m,20-Sep-23,9:30 AM,3.0,3.4,5.0,0.76,0.78,Normal,,41.4,2023-09-20 09:30:00,0.0,Low,9,20,9
Kelani Ganga,Holombuwa,m,21-Sep-23,9:30 AM,3.0,3.4,5.0,0.63,0.62,Normal,,3.5,2023-09-21 09:30:00,0.0,Low,9,21,9
Kelani Ganga,Holombuwa,m,22-Sep-23,9:30 AM,3.0,3.4,5.0,0.72,0.71,Normal,,56.0,2023-09-22 09:30:00,0.0,Low,9,22,9
Kelani Ganga,Holombuwa,m,23-Sep-23,9:30 AM,3.0,3.4,5.0,0.9,0.86,Normal,,25.0,2023-09-23 09:30:00,0.0,Low,9,23,9
Kelani Ganga,Holombuwa,m,24-Oct-23,3:30 PM,3.0,3.4,5.0,0.83,0.82,Normal,,0.0,2023-10-24 15:30:00,0.0,Low,10,24,15
Kelani Ganga,Holombuwa,m,27-Sep-23,9:30 AM,3.0,3.4,5.0,0.72,0.7,Normal,,31.7,2023-09-27 09:30:00,0.0,Low,9,27,9
Kelani Ganga,Holombuwa,m,28-Sep-23,9:30 AM,3.0,3.4,5.0,1.02,1.05,Normal,,41.9,2023-09-28 09:30:00,0.0,Low,9,28,9
Kelani Ganga,Holombuwa,m,29-Sep-23,3:30 AM,3.0,3.4,5.0,1.2,1.22,Normal,,35.2,2023-09-29 03:30:00,0.0,Low,9,29,3
Kelani Ganga,Holombuwa,m,30-Sep-23,3:30 AM,3.0,3.4,5.0,2.36,2.2,Normal,,48.9,2023-09-30 03:30:00,0.0,Low,9,30,3
Kelani Ganga,Holombuwa,m,1-Oct-23,3:30 PM,3.0,3.4,5.0,1.22,1.21,Normal,,1.1,2023-10-01 15:30:00,0.0,Low,10,1,15
Kelani Ganga,Holombuwa,m,2-Oct-23,3:30 PM,3.0,3.4,5.0,1.15,1.14,Normal,,14.3,2023-10-02 15:30:00,0.0,Low,10,2,15
Kelani Ganga,Holombuwa,m,3-Oct-23,3:30 PM,3.0,3.4,5.0,1.05,1.05,Normal,,0.0,2023-10-03 15:30:00,0.0,Low,10,3,15
Kelani Ganga,Holombuwa,m,4-Oct-23,3:30 AM,3.0,3.4,5.0,1.16,1.15,Normal,,3.9,2023-10-04 03:30:00,0.0,Low,10,4,3
Kelani Ganga,Holombuwa,m,5-Oct-23,3:30 PM,3.0,3.4,5.0,1.1,1.09,Normal,,0.0,2023-10-05 15:30:00,0.0,Low,10,5,15
Kelani Ganga,Holombuwa,m,6-Oct-23,3:30 PM,3.0,3.4,5.0,1.09,1.1,Normal,,0.0,2023-10-06 15:30:00,0.0,Low,10,6,15
Kelani Ganga,Holombuwa,m,7-Oct-23,6:30 PM,3.0,3.4,5.0,1.1,1.09,Normal,,0.0,2023-10-07 18:30:00,0.0,Low,10,7,18
Kelani Ganga,Holombuwa,m,8-Oct-23,9:30 AM,3.0,3.4,5.0,1.25,1.24,Normal,,0.0,2023-10-08 09:30:00,0.0,Low,10,8,9
Kelani Ganga,Holombuwa,m,9-Oct-23,6:30 AM,3.0,3.4,5.0,0.92,0.92,Normal,,0.0,2023-10-09 06:30:00,0.0,Low,10,9,6
Kelani Ganga,Holombuwa,m,10-Oct-23,3:30 AM,3.0,3.4,5.0,0.92,0.92,Normal,,14.3,2023-10-10 03:30:00,0.0,Low,10,10,3
Kelani Ganga,Holombuwa,m,10-Oct-23,3:30 PM,3.0,3.4,5.0,0.94,0.92,Normal,,0.0,2023-10-10 15:30:00,0.0,Low,10,10,15
Kelani Ganga,Holombuwa,m,11-Oct-23,12:30 PM,3.0,3.4,5.0,0.95,0.93,Normal,,0.0,2023-10-11 12:30:00,0.0,Low,10,11,12
Kelani Ganga,Holombuwa,m,12-Oct-23,3:30 PM,3.0,3.4,5.0,0.93,0.93,Normal,,0.0,2023-10-12 15:30:00,0.0,Low,10,12,15
Kelani Ganga,Holombuwa,m,13-Oct-23,6:30 PM,3.0,3.4,5.0,0.96,0.95,Normal,,0.0,2023-10-13 18:30:00,0.0,Low,10,13,18
Kelani Ganga,Holombuwa,m,14-Oct-23,3:30 PM,3.0,3.4,5.0,0.95,0.95,Normal,,0.0,2023-10-14 15:30:00,0.0,Low,10,14,15
Kelani Ganga,Holombuwa,m,15-Oct-23,3:30 PM,3.0,3.4,5.0,1.05,1.04,Normal,,0.0,2023-10-15 15:30:00,0.0,Low,10,15,15
Kelani Ganga,Holombuwa,m,16-Oct-23,3:30 PM,3.0,3.4,5.0,0.95,0.95,Normal,,0.0,2023-10-16 15:30:00,0.0,Low,10,16,15
Kelani Ganga,Holombuwa,m,17-Oct-23,3:30 PM,3.0,3.4,5.0,0.9,0.9,Normal,,0.0,2023-10-17 15:30:00,0.0,Low,10,17,15
Kelani Ganga,Holombuwa,m,18-Oct-23,12:30 PM,3.0,3.4,5.0,0.88,0.87,Normal,,0.0,2023-10-18 12:30:00,0.0,Low,10,18,12
Kelani Ganga,Holombuwa,m,19-Oct-23,12:30 PM,3.0,3.4,5.0,0.95,0.95,Normal,,0.0,2023-10-19 12:30:00,0.0,Low,10,19,12
Kelani Ganga,Holombuwa,m,20-Oct-23,9:30 AM,3.0,3.4,5.0,0.95,0.95,Normal,,0.0,2023-10-20 09:30:00,0.0,Low,10,20,9
Kelani Ganga,Holombuwa,m,20-Oct-23,3:30 PM,3.0,3.4,5.0,0.89,0.9,Normal,,7.8,2023-10-20 15:30:00,0.0,Low,10,20,15
Kelani Ganga,Holombuwa,m,21-Oct-23,12:30 PM,3.0,3.4,5.0,0.95,0.94,Normal,,0.0,2023-10-21 12:30:00,0.0,Low,10,21,12
Kelani Ganga,Holombuwa,m,22-Oct-23,12:30 PM,3.0,3.4,5.0,0.8,0.79,Normal,,0.0,2023-10-22 12:30:00,0.0,Low,10,22,12
Kelani Ganga,Holombuwa,m,23-Oct-23,6:30 PM,3.0,3.4,5.0,1.05,1.0,Normal,,0.6,2023-10-23 18:30:00,0.0,Low,10,23,18
Kelani Ganga,Holombuwa,m,24-Oct-23,9:30 AM,3.0,3.4,5.0,0.92,0.9,Normal,,0.6,2023-10-24 09:30:00,0.0,Low,10,24,9
Kelani Ganga,Holombuwa,m,24-Oct-23,3:30 PM,3.0,3.4,5.0,0.83,0.82,Normal,,0.0,2023-10-24 15:30:00,0.0,Low,10,24,15
Kelani Ganga,Holombuwa,m,25-Oct-23,9:30 AM,3.0,3.4,5.0,1.22,1.2,Normal,,38.9,2023-10-25 09:30:00,0.0,Low,10,25,9
Kelani Ganga,Holombuwa,m,26-Oct-23,9:30 AM,3.0,3.4,5.0,0.92,0.9,Normal,,2.0,2023-10-26 09:30:00,0.0,Low,10,26,9
Kelani Ganga,Holombuwa,m,27-Oct-23,6:30 PM,3.0,3.4,5.0,0.69,0.68,Normal,,0.8,2023-10-27 18:30:00,0.0,Low,10,27,18
Kelani Ganga,Holombuwa,m,28-Oct-23,9:30 AM,3.0,3.4,5.0,0.68,0.68,Normal,,1.4,2023-10-28 09:30:00,0.0,Low,10,28,9
Kelani Ganga,Holombuwa,m,29-Oct-23,9:30 AM,3.0,3.4,5.0,0.84,0.83,Normal,,9.8,2023-10-29 09:30:00,0.0,Low,10,29,9
Kelani Ganga,Holombuwa,m,30-Oct-23,12:30 PM,3.0,3.4,5.0,0.89,0.87,Normal,,0.0,2023-10-30 12:30:00,0.0,Low,10,30,12
Kelani Ganga,Holombuwa,m,31-Oct-23,12:30 PM,3.0,3.4,5.0,1.48,1.42,Normal,,0.0,2023-10-31 12:30:00,0.0,Low,10,31,12
Kelani Ganga,Holombuwa,m,31-Oct-23,9:30 PM,3.0,3.4,5.0,1.45,1.51,Normal,,19.6,2023-10-31 21:30:00,0.0,Low,10,31,21
Kelani Ganga,Holombuwa,m,1-Nov-23,12:30 PM,3.0,3.4,5.0,1.1,1.1,Normal,,0.0,2023-11-01 12:30:00,0.0,Low,11,1,12
Kelani Ganga,Holombuwa,m,1-Nov-23,9:30 PM,3.0,3.4,5.0,2.58,2.52,Normal,,63.3,2023-11-01 21:30:00,0.0,Low,11,1,21
Kelani Ganga,Holombuwa,m,2-Nov-23,3:30 PM,3.0,3.4,5.0,1.23,1.2,Normal,,0.0,2023-11-02 15:30:00,0.0,Low,11,2,15
Kelani Ganga,Holombuwa,m,2-Nov-23,6:30 PM,3.0,3.4,5.0,1.39,1.83,Normal,,19.9,2023-11-02 18:30:00,0.0,Low,11,2,18
Kelani Ganga,Holombuwa,m,3-Nov-23,12:30 PM,3.0,3.4,5.0,1.12,1.1,Normal,,0.0,2023-11-03 12:30:00,0.0,Low,11,3,12
Kelani Ganga,Holombuwa,m,4-Nov-23,9:30 AM,3.0,3.4,5.0,1.26,1.23,Normal,,65.8,2023-11-04 09:30:00,0.0,Low,11,4,9
Kelani Ganga,Holombuwa,m,4-Nov-23,3:30 PM,3.0,3.4,5.0,1.1,1.08,Normal,,0.0,2023-11-04 15:30:00,0.0,Low,11,4,15
Kelani Ganga,Holombuwa,m,5-Nov-23,3:30 PM,3.0,3.4,5.0,1.2,1.18,Normal,,0.0,2023-11-05 15:30:00,0.0,Low,11,5,15
Kelani Ganga,Holombuwa,m,6-Nov-23,9:30 AM,3.0,3.4,5.0,1.46,1.42,Normal,,78.4,2023-11-06 09:30:00,0.0,Low,11,6,9
Kelani Ganga,Holombuwa,m,7-Nov-23,3:30 PM,3.0,3.4,5.0,1.13,1.11,Normal,,0.0,2023-11-07 15:30:00,0.0,Low,11,7,15
Kelani Ganga,Holombuwa,m,8-Nov-23,12:30 PM,3.0,3.4,5.0,1.47,1.43,Normal,,0.0,2023-11-08 12:30:00,0.0,Low,11,8,12
Kelani Ganga,Holombuwa,m,9-Nov-23,3:30 PM,3.0,3.4,5.0,1.36,1.34,Normal,,0.0,2023-11-09 15:30:00,0.0,Low,11,9,15
Kelani Ganga,Holombuwa,m,10-Nov-23,3:30 PM,3.0,3.4,5.0,1.56,1.5,Normal,,0.0,2023-11-10 15:30:00,0.0,Low,11,10,15
Kelani Ganga,Holombuwa,m,11-Nov-23,3:30 PM,3.0,3.4,5.0,1.29,1.27,Normal,,0.0,2023-11-11 15:30:00,0.0,Low,11,11,15
Kelani Ganga,Holombuwa,m,11-Nov-23,6:30 PM,3.0,3.4,5.0,1.25,2.09,Normal,,15.7,2023-11-11 18:30:00,0.0,Low,11,11,18
Kelani Ganga,Holombuwa,m,12-Nov-23,12:30 PM,3.0,3.4,5.0,1.46,1.42,Normal,,0.0,2023-11-12 12:30:00,0.0,Low,11,12,12
Kelani Ganga,Holombuwa,m,13-Nov-23,9:30 AM,3.0,3.4,5.0,1.14,1.13,Normal,,0.0,2023-11-13 09:30:00,0.0,Low,11,13,9
Kelani Ganga,Holombuwa,m,13-Nov-23,12:30 PM,3.0,3.4,5.0,1.1,1.09,Normal,,0.0,2023-11-13 12:30:00,0.0,Low,11,13,12
Kelani Ganga,Holombuwa,m,13-Nov-23,6:30 PM,3.0,3.4,5.0,1.04,1.03,Normal,,0.0,2023-11-13 18:30:00,0.0,Low,11,13,18
Kelani Ganga,Holombuwa,m,14-Nov-23,9:30 AM,3.0,3.4,5.0,0.98,0.98,Normal,,0.6,2023-11-14 09:30:00,0.0,Low,11,14,9
Kelani Ganga,Holombuwa,m,14-Nov-23,12:30 PM,3.0,3.4,5.0,0.76,0.76,Normal,,0.0,2023-11-14 12:30:00,0.0,Low,11,14,12
Kelani Ganga,Holombuwa,m,15-Nov-23,9:30 AM,3.0,3.4,5.0,0.9,0.88,Normal,,3.9,2023-11-15 09:30:00,0.0,Low,11,15,9
Kelani Ganga,Holombuwa,m,15-Nov-23,3:30 PM,3.0,3.4,5.0,0.69,0.76,Normal,,4.5,2023-11-15 15:30:00,0.0,Low,11,15,15
Kelani Ganga,Holombuwa,m,16-Nov-23,9:30 AM,3.0,3.4,5.0,0.84,0.83,Normal,,0.0,2023-11-16 09:30:00,0.0,Low,11,16,9
Kelani Ganga,Holombuwa,m,17-Nov-23,9:30 AM,3.0,3.4,5.0,0.92,0.9,Normal,,0.0,2023-11-17 09:30:00,0.0,Low,11,17,9
Kelani Ganga,Holombuwa,m,18-Nov-23,9:30 AM,3.0,3.4,5.0,0.8,0.8,Normal,,12.8,2023-11-18 09:30:00,0.0,Low,11,18,9
Kelani Ganga,Holombuwa,m,20-Nov-23,3:30 PM,3.0,3.4,5.0,1.82,1.76,Normal,,0.0,2023-11-20 15:30:00,0.0,Low,11,20,15
Kelani Ganga,Holombuwa,m,21-Nov-23,9:30 AM,3.0,3.4,5.0,1.73,1.7,Normal,,19.6,2023-11-21 09:30:00,0.0,Low,11,21,9
Kelani Ganga,Holombuwa,m,21-Nov-23,3:30 PM,3.0,3.4,5.0,1.44,1.41,Normal,,0.0,2023-11-21 15:30:00,0.0,Low,11,21,15
Kelani Ganga,Holombuwa,m,22-Nov-23,6:30 PM,3.0,3.4,5.0,3.15,3.83,Minor Flood,Rising,103.9,2023-11-22 18:30:00,1.0,High,11,22,18
Kelani Ganga,Holombuwa,m,23-Nov-23,3:30 PM,3.0,3.4,5.0,1.48,1.45,Normal,,0.0,2023-11-23 15:30:00,0.0,Low,11,23,15
Kelani Ganga,Holombuwa,m,24-Nov-23,3:30 PM,3.0,3.4,5.0,1.13,1.11,Normal,,0.0,2023-11-24 15:30:00,0.0,Low,11,24,15
Kelani Ganga,Holombuwa,m,25-Nov-23,9:30 AM,3.0,3.4,5.0,1.01,1.0,Normal,,0.0,2023-11-25 09:30:00,0.0,Low,11,25,9
Kelani Ganga,Holombuwa,m,26-Nov-23,9:30 AM,3.0,3.4,5.0,0.9,0.9,Normal,,1.1,2023-11-26 09:30:00,0.0,Low,11,26,9
Kelani Ganga,Holombuwa,m,27-Nov-23,9:30 AM,3.0,3.4,5.0,0.83,0.83,Normal,,17.4,2023-11-27 09:30:00,0.0,Low,11,27,9
Kelani Ganga,Holombuwa,m,28-Nov-23,9:30 AM,3.0,3.4,5.0,0.76,0.76,Normal,,0.0,2023-11-28 09:30:00,0.0,Low,11,28,9
Kelani Ganga,Holombuwa,m,29-Nov-23,9:30 AM,3.0,3.4,5.0,0.8,0.8,Normal,,18.2,2023-11-29 09:30:00,0.0,Low,11,29,9
Kelani Ganga,Holombuwa,m,30-Nov-23,9:30 AM,3.0,3.4,5.0,1.22,1.17,Normal,,34.3,2023-11-30 09:30:00,0.0,Low,11,30,9
Kelani Ganga,Holombuwa,m,2-Dec-23,9:30 AM,3.0,3.4,5.0,0.96,0.96,Normal,,3.7,2023-12-02 09:30:00,0.0,Low,12,2,9
Kelani Ganga,Holombuwa,m,3-Dec-23,9:30 AM,3.0,3.4,5.0,0.93,0.92,Normal,,0.0,2023-12-03 09:30:00,0.0,Low,12,3,9
Kelani Ganga,Holombuwa,m,4-Dec-23,9:30 AM,3.0,3.4,5.0,1.7,2.1,Normal,,58.4,2023-12-04 09:30:00,0.0,Low,12,4,9
Kelani Ganga,Holombuwa,m,5-Dec-23,9:30 AM,3.0,3.4,5.0,1.2,1.2,Normal,,13.2,2023-12-05 09:30:00,0.0,Low,12,5,9
Kelani Ganga,Holombuwa,m,6-Dec-23,9:30 AM,3.0,3.4,5.0,1.15,1.13,Normal,,21.3,2023-12-06 09:30:00,0.0,Low,12,6,9
Kelani Ganga,Holombuwa,m,7-Dec-23,9:30 AM,3.0,3.4,5.0,0.91,0.9,Normal,,0.0,2023-12-07 09:30:00,0.0,Low,12,7,9
Kelani Ganga,Holombuwa,m,8-Dec-23,9:30 AM,3.0,3.4,5.0,1.66,1.5,Normal,,73.6,2023-12-08 09:30:00,0.0,Low,12,8,9
Kelani Ganga,Holombuwa,m,9-Dec-23,9:30 AM,3.0,3.4,5.0,1.61,1.56,Normal,,82.5,2023-12-09 09:30:00,0.0,Low,12,9,9
Kelani Ganga,Holombuwa,m,10-Dec-23,9:30 AM,3.0,3.4,5.0,1.15,1.14,Normal,,5.9,2023-12-10 09:30:00,0.0,Low,12,10,9
Kelani Ganga,Holombuwa,m,11-Dec-23,9:30 AM,3.0,3.4,5.0,1.27,1.25,Normal,,24.4,2023-12-11 09:30:00,0.0,Low,12,11,9
Kelani Ganga,Holombuwa,m,12-Dec-23,9:30 AM,3.0,3.4,5.0,0.98,0.98,Normal,,0.0,2023-12-12 09:30:00,0.0,Low,12,12,9
Kelani Ganga,Holombuwa,m,13-Dec-23,9:30 AM,3.0,3.4,5.0,0.86,0.85,Normal,,0.0,2023-12-13 09:30:00,0.0,Low,12,13,9
Kelani Ganga,Holombuwa,m,14-Dec-23,12:30 PM,3.0,3.4,5.0,0.76,0.76,Normal,,0.0,2023-12-14 12:30:00,0.0,Low,12,14,12
Kelani Ganga,Holombuwa,m,15-Dec-23,3:30 PM,3.0,3.4,5.0,0.69,0.76,Normal,,4.5,2023-12-15 15:30:00,0.0,Low,12,15,15
Kelani Ganga,Holombuwa,m,16-Dec-23,9:30 AM,3.0,3.4,5.0,0.77,0.78,Normal,,7.8,2023-12-16 09:30:00,0.0,Low,12,16,9
Kelani Ganga,Holombuwa,m,17-Dec-23,9:30 AM,3.0,3.4,5.0,1.04,1.01,Normal,,31.4,2023-12-17 09:30:00,0.0,Low,12,17,9
Kelani Ganga,Holombuwa,m,18-Dec-23,6:30 PM,3.0,3.4,5.0,2.28,3.0,Alert,Rising,57.5,2023-12-18 18:30:00,1.0,Medium,12,18,18
Kelani Ganga,Holombuwa,m,19-Dec-23,9:30 AM,3.0,3.4,5.0,1.42,1.38,Normal,,59.7,2023-12-19 09:30:00,0.0,Low,12,19,9
Kelani Ganga,Holombuwa,m,20-Dec-23,9:30 AM,3.0,3.4,5.0,1.01,1.0,Normal,,2.8,2023-12-20 09:30:00,0.0,Low,12,20,9
Kelani Ganga,Holombuwa,m,20-Dec-23,6:30 PM,3.0,3.4,5.0,0.9,0.88,Normal,,0.0,2023-12-20 18:30:00,0.0,Low,12,20,18
Kelani Ganga,Holombuwa,m,21-Dec-23,9:30 AM,3.0,3.4,5.0,0.84,0.84,Normal,,0.0,2023-12-21 09:30:00,0.0,Low,12,21,9
Kelani Ganga,Holombuwa,m,21-Dec-23,12:30 PM,3.0,3.4,5.0,0.83,0.83,Normal,,0.0,2023-12-21 12:30:00,0.0,Low,12,21,12
Kelani Ganga,Holombuwa,m,21-Dec-23,3:30 PM,3.0,3.4,5.0,0.82,0.81,Normal,,0.0,2023-12-21 15:30:00,0.0,Low,12,21,15
Kelani Ganga,Holombuwa,m,21-Dec-23,6:30 PM,3.0,3.4,5.0,0.8,0.79,Normal,,0.0,2023-12-21 18:30:00,0.0,Low,12,21,18
Kelani Ganga,Holombuwa,m,22-Dec-23,9:30 AM,3.0,3.4,5.0,0.76,0.75,Normal,,0.0,2023-12-22 09:30:00,0.0,Low,12,22,9
Kelani Ganga,Holombuwa,m,23-Dec-23,9:30 AM,3.0,3.4,5.0,0.68,0.68,Normal,,0.0,2023-12-23 09:30:00,0.0,Low,12,23,9
Kelani Ganga,Holombuwa,m,24-Dec-23,9:30 AM,3.0,3.4,5.0,0.64,0.64,Normal,,0.0,2023-12-24 09:30:00,0.0,Low,12,24,9
Kelani Ganga,Holombuwa,m,27-Jan-24,9:30 AM,3.0,3.4,5.0,0.4,0.37,Normal,,0.0,2024-01-27 09:30:00,0.0,Low,1,27,9
Kelani Ganga,Holombuwa,m,28-Dec-23,9:30 AM,3.0,3.4,5.0,0.56,0.57,Normal,,4.5,2023-12-28 09:30:00,0.0,Low,12,28,9
Kelani Ganga,Holombuwa,m,29-Dec-23,9:30 AM,3.0,3.4,5.0,0.56,0.56,Normal,,1.7,2023-12-29 09:30:00,0.0,Low,12,29,9
Kelani Ganga,Holombuwa,m,30-Dec-23,9:30 AM,3.0,3.4,5.0,0.56,0.56,Normal,,2.5,2023-12-30 09:30:00,0.0,Low,12,30,9
Kelani Ganga,Holombuwa,m,31-Dec-23,9:30 AM,3.0,3.4,5.0,0.58,0.58,Normal,,5.6,2023-12-31 09:30:00,0.0,Low,12,31,9
Kelani Ganga,Holombuwa,m,1-Jan-24,9:30 AM,3.0,3.4,5.0,0.52,0.52,Normal,,1.4,2024-01-01 09:30:00,0.0,Low,1,1,9
Kelani Ganga,Holombuwa,m,2-Jan-24,9:30 AM,3.0,3.4,5.0,1.25,1.2,Normal,,42.9,2024-01-02 09:30:00,0.0,Low,1,2,9
Kelani Ganga,Holombuwa,m,3-Jan-24,9:30 AM,3.0,3.4,5.0,0.76,0.76,Normal,,0.0,2024-01-03 09:30:00,0.0,Low,1,3,9
Kelani Ganga,Holombuwa,m,4-Jan-24,9:30 AM,3.0,3.4,5.0,0.65,0.64,Normal,,0.0,2024-01-04 09:30:00,0.0,Low,1,4,9
Kelani Ganga,Holombuwa,m,5-Jan-24,9:30 AM,3.0,3.4,5.0,0.58,0.58,Normal,,0.0,2024-01-05 09:30:00,0.0,Low,1,5,9
Kelani Ganga,Holombuwa,m,6-Jan-24,9:30 AM,3.0,3.4,5.0,0.55,0.55,Normal,,0.0,2024-01-06 09:30:00,0.0,Low,1,6,9
Kelani Ganga,Holombuwa,m,7-Jan-24,9:30 AM,3.0,3.4,5.0,1.04,1.02,Normal,,129.1,2024-01-07 09:30:00,0.0,Low,1,7,9
Kelani Ganga,Holombuwa,m,8-Jan-24,9:30 AM,3.0,3.4,5.0,0.8,0.78,Normal,,0.0,2024-01-08 09:30:00,0.0,Low,1,8,9
Kelani Ganga,Holombuwa,m,9-Jan-24,9:30 AM,3.0,3.4,5.0,0.79,0.84,Normal,,12.4,2024-01-09 09:30:00,0.0,Low,1,9,9
Kelani Ganga,Holombuwa,m,10-Jan-24,9:30 AM,3.0,3.4,5.0,0.65,0.64,Normal,,0.8,2024-01-10 09:30:00,0.0,Low,1,10,9
Kelani Ganga,Holombuwa,m,11-Jan-24,9:30 AM,3.0,3.4,5.0,0.6,0.6,Normal,,0.0,2024-01-11 09:30:00,0.0,Low,1,11,9
Kelani Ganga,Holombuwa,m,12-Jan-24,9:30 AM,3.0,3.4,5.0,0.57,0.57,Normal,,0.3,2024-01-12 09:30:00,0.0,Low,1,12,9
Kelani Ganga,Holombuwa,m,13-Jan-24,9:30 AM,3.0,3.4,5.0,0.51,0.51,Normal,,0.0,2024-01-13 09:30:00,0.0,Low,1,13,9
Kelani Ganga,Holombuwa,m,14-Jan-24,9:30 AM,3.0,3.4,5.0,0.49,0.49,Normal,,0.0,2024-01-14 09:30:00,0.0,Low,1,14,9
Kelani Ganga,Holombuwa,m,15-Jan-24,9:30 AM,3.0,3.4,5.0,0.48,0.48,Normal,,0.0,2024-01-15 09:30:00,0.0,Low,1,15,9
Kelani Ganga,Holombuwa,m,16-Jan-24,9:30 AM,3.0,3.4,5.0,0.49,0.48,Normal,,0.0,2024-01-16 09:30:00,0.0,Low,1,16,9
Kelani Ganga,Holombuwa,m,17-Jan-24,9:30 AM,3.0,3.4,5.0,0.5,0.5,Normal,,0.0,2024-01-17 09:30:00,0.0,Low,1,17,9
Kelani Ganga,Holombuwa,m,18-Jan-24,9:30 AM,3.0,3.4,5.0,0.5,0.49,Normal,,0.0,2024-01-18 09:30:00,0.0,Low,1,18,9
Kelani Ganga,Holombuwa,m,19-Jan-24,9:30 AM,3.0,3.4,5.0,0.48,0.47,Normal,,0.0,2024-01-19 09:30:00,0.0,Low,1,19,9
Kelani Ganga,Holombuwa,m,20-Jan-24,9:30 AM,3.0,3.4,5.0,0.48,0.48,Normal,,2.5,2024-01-20 09:30:00,0.0,Low,1,20,9
Kelani Ganga,Holombuwa,m,22-Jan-24,9:30 AM,3.0,3.4,5.0,0.38,0.38,Normal,,0.0,2024-01-22 09:30:00,0.0,Low,1,22,9
Kelani Ganga,Holombuwa,m,24-Jan-24,9:30 AM,3.0,3.4,5.0,0.41,0.47,Normal,,0.0,2024-01-24 09:30:00,0.0,Low,1,24,9
Kelani Ganga,Holombuwa,m,27-Jan-24,9:30 AM,3.0,3.4,5.0,0.4,0.37,Normal,,0.0,2024-01-27 09:30:00,0.0,Low,1,27,9
Kelani Ganga,Holombuwa,m,5-Feb-24,9:30 AM,3.0,3.4,5.0,0.48,0.48,Normal,,5.9,2024-02-05 09:30:00,0.0,Low,2,5,9
Kelani Ganga,Holombuwa,m,6-Feb-24,9:30 AM,3.0,3.4,5.0,0.38,0.35,Normal,,0.0,2024-02-06 09:30:00,0.0,Low,2,6,9
Kelani Ganga,Holombuwa,m,7-Feb-24,9:30 AM,3.0,3.4,5.0,0.45,0.44,Normal,,0.0,2024-02-07 09:30:00,0.0,Low,2,7,9
Kelani Ganga,Holombuwa,m,7-Feb-24,9:30 AM,3.0,3.4,5.0,0.45,0.44,Normal,,0.0,2024-02-07 09:30:00,0.0,Low,2,7,9
Kelani Ganga,Holombuwa,m,14-Feb-24,9:30 AM,3.0,3.4,5.0,0.32,0.32,Normal,,0.0,2024-02-14 09:30:00,0.0,Low,2,14,9
Kelani Ganga,Holombuwa,m,14-Feb-24,9:30 AM,3.0,3.4,5.0,0.32,0.32,Normal,,0.0,2024-02-14 09:30:00,0.0,Low,2,14,9
Kelani Ganga,Holombuwa,m,12-Mar-24,9:30 AM,3.0,3.4,5.0,0.19,0.19,Normal,,0.0,2024-03-12 09:30:00,0.0,Low,3,12,9
Kelani Ganga,Holombuwa,m,13-Apr-24,9:30 AM,3.0,3.4,5.0,0.25,0.24,Normal,,20.4,2024-04-13 09:30:00,0.0,Low,4,13,9
Kelani Ganga,Holombuwa,m,22-Apr-24,9:30 AM,3.0,3.4,5.0,0.17,0.17,Normal,,0.0,2024-04-22 09:30:00,0.0,Low,4,22,9
Kelani Ganga,Holombuwa,m,4-May-24,9:30 AM,3.0,3.4,5.0,0.19,0.19,Normal,,0.0,2024-05-04 09:30:00,0.0,Low,5,4,9
Kelani Ganga,Holombuwa,m,15-May-24,9:30 AM,3.0,3.4,5.0,1.55,1.44,Normal,,17.1,2024-05-15 09:30:00,0.0,Low,5,15,9
Kelani Ganga,Holombuwa,m,18-May-24,6:30 PM,3.0,3.4,5.0,0.83,0.98,Normal,,34.2,2024-05-18 18:30:00,0.0,Low,5,18,18
Kelani Ganga,Holombuwa,m,20-May-24,3:30 AM,3.0,3.4,5.0,1.79,1.77,Normal,,39.9,2024-05-20 03:30:00,0.0,Low,5,20,3
Kelani Ganga,Holombuwa,m,20-May-24,3:30 PM,3.0,3.4,5.0,1.86,1.86,Normal,,26.3,2024-05-20 15:30:00,0.0,Low,5,20,15
Kelani Ganga,Holombuwa,m,21-May-24,3:30 PM,3.0,3.4,5.0,1.22,1.22,Normal,,17.1,2024-05-21 15:30:00,0.0,Low,5,21,15
Kelani Ganga,Holombuwa,m,22-May-24,12:30 AM,3.0,3.4,5.0,1.84,1.77,Normal,,30.0,2024-05-22 00:30:00,0.0,Low,5,22,0
Kelani Ganga,Holombuwa,m,23-May-24,3:30 AM,3.0,3.4,5.0,3.05,3.4,Minor Flood,Rising,90.4,2024-05-23 03:30:00,1.0,High,5,23,3
Kelani Ganga,Holombuwa,m,24-May-24,12:30 AM,3.0,3.4,5.0,2.9,2.86,Normal,,39.8,2024-05-24 00:30:00,0.0,Low,5,24,0
Kelani Ganga,Holombuwa,m,24-May-24,9:30 AM,3.0,3.4,5.0,1.9,1.87,Normal,,41.5,2024-05-24 09:30:00,0.0,Low,5,24,9
Kelani Ganga,Holombuwa,m,25-May-24,3:30 AM,3.0,3.4,5.0,1.89,2.05,Normal,,40.7,2024-05-25 03:30:00,0.0,Low,5,25,3
Kelani Ganga,Holombuwa,m,25-May-24,3:30 PM,3.0,3.4,5.0,2.86,2.82,Normal,,24.9,2024-05-25 15:30:00,0.0,Low,5,25,15
Kelani Ganga,Holombuwa,m,26-May-24,6:30 AM,3.0,3.4,5.0,2.14,2.09,Normal,,33.9,2024-05-26 06:30:00,0.0,Low,5,26,6
Kelani Ganga,Holombuwa,m,26-May-24,9:30 PM,3.0,3.4,5.0,2.51,2.54,Normal,,31.3,2024-05-26 21:30:00,0.0,Low,5,26,21
Kelani Ganga,Holombuwa,m,27-May-24,6:30 AM,3.0,3.4,5.0,1.77,1.71,Normal,,34.7,2024-05-27 06:30:00,0.0,Low,5,27,6
Kelani Ganga,Holombuwa,m,27-May-24,9:30 AM,3.0,3.4,5.0,1.66,1.63,Normal,,38.9,2024-05-27 09:30:00,0.0,Low,5,27,9
Kelani Ganga,Holombuwa,m,27-May-24,12:30 PM,3.0,3.4,5.0,1.74,1.82,Normal,,3.6,2024-05-27 12:30:00,0.0,Low,5,27,12
Kelani Ganga,Holombuwa,m,28-May-24,9:30 AM,3.0,3.4,5.0,1.6,1.6,Normal,,22.4,2024-05-28 09:30:00,0.0,Low,5,28,9
Kelani Ganga,Holombuwa,m,28-May-24,12:30 PM,3.0,3.4,5.0,1.59,1.59,Normal,,12.1,2024-05-28 12:30:00,0.0,Low,5,28,12
Kelani Ganga,Holombuwa,m,28-May-24,9:30 PM,3.0,3.4,5.0,1.51,1.5,Normal,,14.6,2024-05-28 21:30:00,0.0,Low,5,28,21
Kelani Ganga,Holombuwa,m,29-May-24,12:30 PM,3.0,3.4,5.0,1.24,1.23,Normal,,5.0,2024-05-29 12:30:00,0.0,Low,5,29,12
Kelani Ganga,Holombuwa,m,29-May-24,9:30 PM,3.0,3.4,5.0,1.73,1.64,Normal,,14.0,2024-05-29 21:30:00,0.0,Low,5,29,21
Kelani Ganga,Holombuwa,m,30-May-24,3:30 PM,3.0,3.4,5.0,2.34,2.23,Normal,,1.1,2024-05-30 15:30:00,0.0,Low,5,30,15
Kelani Ganga,Holombuwa,m,30-May-24,9:30 PM,3.0,3.4,5.0,1.58,1.53,Normal,,1.1,2024-05-30 21:30:00,0.0,Low,5,30,21
Kelani Ganga,Holombuwa,m,31-May-24,9:30 AM,3.0,3.4,5.0,1.27,1.24,Normal,,1.1,2024-05-31 09:30:00,0.0,Low,5,31,9
Kelani Ganga,Holombuwa,m,1-Jun-24,9:30 AM,3.0,3.4,5.0,0.98,0.97,Normal,,0.0,2024-06-01 09:30:00,0.0,Low,6,1,9
Kelani Ganga,Holombuwa,m,1-Jun-24,6:30 PM,3.0,3.4,5.0,0.95,0.95,Normal,,0.8,2024-06-01 18:30:00,0.0,Low,6,1,18
Kelani Ganga,Holombuwa,m,2-Jun-24,6:30 AM,3.0,3.4,5.0,2.0,1.49,Normal,,2.5,2024-06-02 06:30:00,0.0,Low,6,2,6
Kelani Ganga,Holombuwa,m,2-Jun-24,9:30 AM,3.0,3.4,5.0,1.34,1.28,Normal,,2.5,2024-06-02 09:30:00,0.0,Low,6,2,9
Kelani Ganga,Holombuwa,m,2-Jun-24,12:30 PM,3.0,3.4,5.0,1.2,1.4,Normal,,14.3,2024-06-02 12:30:00,0.0,Low,6,2,12
Kelani Ganga,Holombuwa,m,2-Jun-24,3:30 PM,3.0,3.4,5.0,1.57,1.66,Normal,,35.6,2024-06-02 15:30:00,0.0,Low,6,2,15
Kelani Ganga,Holombuwa,m,2-Jun-24,6:30 PM,3.0,3.4,5.0,2.3,2.34,Normal,,37.8,2024-06-02 18:30:00,0.0,Low,6,2,18
Kelani Ganga,Holombuwa,m,3-Jun-24,12:30 AM,3.0,3.4,5.0,1.49,1.4,Normal,,50.4,2024-06-03 00:30:00,0.0,Low,6,3,0
Kelani Ganga,Holombuwa,m,6-Jun-24,6:30 AM,3.0,3.4,5.0,0.9,0.89,Normal,,0.0,2024-06-06 06:30:00,0.0,Low,6,6,6
Kelani Ganga,Holombuwa,m,6-Jun-24,12:30 PM,3.0,3.4,5.0,0.87,0.86,Normal,,0.0,2024-06-06 12:30:00,0.0,Low,6,6,12
Kelani Ganga,Holombuwa,m,6-Jun-24,9:30 PM,3.0,3.4,5.0,0.8,0.8,Normal,,1.7,2024-06-06 21:30:00,0.0,Low,6,6,21
Kelani Ganga,Holombuwa,m,7-Jun-24,3:30 AM,3.0,3.4,5.0,0.78,0.78,Normal,,1.7,2024-06-07 03:30:00,0.0,Low,6,7,3
Kelani Ganga,Holombuwa,m,7-Jun-24,6:30 AM,3.0,3.4,5.0,0.74,0.74,Normal,,2.4,2024-06-07 06:30:00,0.0,Low,6,7,6
Kelani Ganga,Holombuwa,m,7-Jun-24,9:30 AM,3.0,3.4,5.0,0.79,0.79,Normal,,2.0,2024-06-07 09:30:00,0.0,Low,6,7,9
Kelani Ganga,Holombuwa,m,7-Jun-24,12:30 PM,3.0,3.4,5.0,0.77,0.77,Normal,,0.0,2024-06-07 12:30:00,0.0,Low,6,7,12
Kelani Ganga,Holombuwa,m,7-Jun-24,3:30 PM,3.0,3.4,5.0,0.76,0.76,Normal,,0.0,2024-06-07 15:30:00,0.0,Low,6,7,15
Kelani Ganga,Holombuwa,m,7-Jun-24,6:30 PM,3.0,3.4,5.0,0.74,0.74,Normal,,2.2,2024-06-07 18:30:00,0.0,Low,6,7,18
Kelani Ganga,Holombuwa,m,7-Jun-24,9:30 PM,3.0,3.4,5.0,0.73,0.73,Normal,,2.2,2024-06-07 21:30:00,0.0,Low,6,7,21
Kelani Ganga,Holombuwa,m,8-Jun-24,12:30 AM,3.0,3.4,5.0,0.72,0.71,Normal,,4.7,2024-06-08 00:30:00,0.0,Low,6,8,0
Kelani Ganga,Holombuwa,m,8-Jun-24,3:30 AM,3.0,3.4,5.0,0.69,0.69,Normal,,5.5,2024-06-08 03:30:00,0.0,Low,6,8,3
Kelani Ganga,Holombuwa,m,8-Jun-24,6:30 AM,3.0,3.4,5.0,0.76,0.76,Normal,,7.2,2024-06-08 06:30:00,0.0,Low,6,8,6
Kelani Ganga,Holombuwa,m,8-Jun-24,9:30 AM,3.0,3.4,5.0,0.82,0.82,Normal,,7.8,2024-06-08 09:30:00,0.0,Low,6,8,9
Kelani Ganga,Holombuwa,m,8-Jun-24,12:30 PM,3.0,3.4,5.0,0.8,0.8,Normal,,2.0,2024-06-08 12:30:00,0.0,Low,6,8,12
Kelani Ganga,Holombuwa,m,8-Jun-24,3:30 PM,3.0,3.4,5.0,0.78,0.77,Normal,,2.0,2024-06-08 15:30:00,0.0,Low,6,8,15
Kelani Ganga,Holombuwa,m,9-Jun-24,9:30 AM,3.0,3.4,5.0,1.15,1.35,Normal,,36.2,2024-06-09 09:30:00,0.0,Low,6,9,9
Kelani Ganga,Holombuwa,m,10-Jun-24,9:30 AM,3.0,3.4,5.0,0.96,0.96,Normal,,4.5,2024-06-10 09:30:00,0.0,Low,6,10,9
Kelani Ganga,Holombuwa,m,8-Jun-24,3:30 PM,3.0,3.4,5.0,0.78,0.77,Normal,,2.0,2024-06-08 15:30:00,0.0,Low,6,8,15
Kelani Ganga,Holombuwa,m,9-Jun-24,9:30 AM,3.0,3.4,5.0,1.15,1.35,Normal,,36.2,2024-06-09 09:30:00,0.0,Low,6,9,9
Kelani Ganga,Holombuwa,m,10-Jun-24,9:30 AM,3.0,3.4,5.0,0.96,0.96,Normal,,4.5,2024-06-10 09:30:00,0.0,Low,6,10,9
Kelani Ganga,Holombuwa,m,11-Jun-24,9:30 AM,3.0,3.4,5.0,0.75,0.75,Normal,,0.0,2024-06-11 09:30:00,0.0,Low,6,11,9
Kelani Ganga,Holombuwa,m,12-Jun-24,9:30 AM,3.0,3.4,5.0,0.63,0.63,Normal,,0.6,2024-06-12 09:30:00,0.0,Low,6,12,9
Kelani Ganga,Holombuwa,m,13-Jun-24,9:30 AM,3.0,3.4,5.0,0.68,0.68,Normal,,8.4,2024-06-13 09:30:00,0.0,Low,6,13,9
Kelani Ganga,Holombuwa,m,14-Jun-24,9:30 AM,3.0,3.4,5.0,0.6,0.6,Normal,,0.0,2024-06-14 09:30:00,0.0,Low,6,14,9
Kelani Ganga,Holombuwa,m,19-Jun-24,9:30 AM,3.0,3.4,5.0,0.54,0.54,Normal,,8.9,2024-06-19 09:30:00,0.0,Low,6,19,9
Kelani Ganga,Holombuwa,m,20-Jun-24,9:30 AM,3.0,3.4,5.0,0.62,0.62,Normal,,27.5,2024-06-20 09:30:00,0.0,Low,6,20,9
Kelani Ganga,Holombuwa,m,6-Jul-24,9:30 AM,3.0,3.4,5.0,1.16,1.06,Normal,,55.8,2024-07-06 09:30:00,0.0,Low,7,6,9
Kelani Ganga,Holombuwa,m,7-Jul-24,9:30 AM,3.0,3.4,5.0,0.55,0.55,Normal,,3.1,2024-07-07 09:30:00,0.0,Low,7,7,9
Kelani Ganga,Holombuwa,m,10-Jul-24,9:30 AM,3.0,3.4,5.0,0.42,0.42,Normal,,0.0,2024-07-10 09:30:00,0.0,Low,7,10,9
Kelani Ganga,Holombuwa,m,14-Jul-24,9:30 AM,3.0,3.4,5.0,0.77,0.74,Normal,,25.3,2024-07-14 09:30:00,0.0,Low,7,14,9
Kelani Ganga,Holombuwa,m,15-Jul-24,9:30 AM,3.0,3.4,5.0,0.54,0.54,Normal,,0.0,2024-07-15 09:30:00,0.0,Low,7,15,9
Kelani Ganga,Holombuwa,m,22-Jul-24,9:30 AM,3.0,3.4,5.0,0.3,0.3,Normal,,0.0,2024-07-22 09:30:00,0.0,Low,7,22,9
Kelani Ganga,Holombuwa,m,17-Aug-24,6:30 PM,3.0,3.4,5.0,1.96,2.69,Normal,,46.2,2024-08-17 18:30:00,0.0,Low,8,17,18
Kelani Ganga,Holombuwa,m,18-Aug-24,12:30 PM,3.0,3.4,5.0,1.69,1.62,Normal,,6.2,2024-08-18 12:30:00,0.0,Low,8,18,12
Kelani Ganga,Holombuwa,m,18-Aug-24,3:30 PM,3.0,3.4,5.0,1.55,1.46,Normal,,15.5,2024-08-18 15:30:00,0.0,Low,8,18,15
Kelani Ganga,Holombuwa,m,19-Aug-24,12:30 PM,3.0,3.4,5.0,0.92,0.92,Normal,,0.6,2024-08-19 12:30:00,0.0,Low,8,19,12
Kelani Ganga,Holombuwa,m,19-Aug-24,3:30 PM,3.0,3.4,5.0,0.89,0.85,Normal,,2.6,2024-08-19 15:30:00,0.0,Low,8,19,15
Kelani Ganga,Holombuwa,m,10-Jul-24,9:30 AM,3.0,3.4,5.0,0.42,0.42,Normal,,0.0,2024-07-10 09:30:00,0.0,Low,7,10,9
Kelani Ganga,Holombuwa,m,14-Jul-24,9:30 AM,3.0,3.4,5.0,0.77,0.74,Normal,,25.3,2024-07-14 09:30:00,0.0,Low,7,14,9
Kelani Ganga,Holombuwa,m,15-Jul-24,9:30 AM,3.0,3.4,5.0,0.54,0.54,Normal,,0.0,2024-07-15 09:30:00,0.0,Low,7,15,9
Kelani Ganga,Holombuwa,m,22-Jul-24,9:30 AM,3.0,3.4,5.0,0.3,0.3,Normal,,0.0,2024-07-22 09:30:00,0.0,Low,7,22,9
Kelani Ganga,Holombuwa,m,17-Aug-24,6:30 PM,3.0,3.4,5.0,1.96,2.69,Normal,,46.2,2024-08-17 18:30:00,0.0,Low,8,17,18
Kelani Ganga,Holombuwa,m,18-Aug-24,12:30 PM,3.0,3.4,5.0,1.69,1.62,Normal,,6.2,2024-08-18 12:30:00,0.0,Low,8,18,12
Kelani Ganga,Holombuwa,m,18-Aug-24,3:30 PM,3.0,3.4,5.0,1.55,1.46,Normal,,15.5,2024-08-18 15:30:00,0.0,Low,8,18,15
Kelani Ganga,Holombuwa,m,19-Aug-24,12:30 PM,3.0,3.4,5.0,0.92,0.92,Normal,,0.6,2024-08-19 12:30:00,0.0,Low,8,19,12
Kelani Ganga,Holombuwa,m,19-Aug-24,3:30 PM,3.0,3.4,5.0,0.89,0.85,Normal,,2.6,2024-08-19 15:30:00,0.0,Low,8,19,15
Kelani Ganga,Holombuwa,m,19-Aug-24,3:30 PM,3.0,3.4,5.0,0.89,0.85,Normal,,2.6,2024-08-19 15:30:00,0.0,Low,8,19,15
Kelani Ganga,Holombuwa,m,19-Aug-24,6:30 PM,3.0,3.4,5.0,0.81,0.89,Normal,,4.2,2024-08-19 18:30:00,0.0,Low,8,19,18
Kelani Ganga,Holombuwa,m,20-Aug-24,6:30 AM,3.0,3.4,5.0,0.84,0.81,Normal,,4.8,2024-08-20 06:30:00,0.0,Low,8,20,6
Kelani Ganga,Holombuwa,m,20-Aug-24,9:30 AM,3.0,3.4,5.0,0.8,0.79,Normal,,4.8,2024-08-20 09:30:00,0.0,Low,8,20,9
Kelani Ganga,Holombuwa,m,20-Aug-24,12:30 PM,3.0,3.4,5.0,0.73,0.73,Normal,,0.0,2024-08-20 12:30:00,0.0,Low,8,20,12
Kelani Ganga,Holombuwa,m,20-Aug-24,3:30 PM,3.0,3.4,5.0,0.72,0.71,Normal,,21.3,2024-08-20 15:30:00,0.0,Low,8,20,15
Kelani Ganga,Holombuwa,m,20-Aug-24,9:30 PM,3.0,3.4,5.0,0.88,0.84,Normal,,21.3,2024-08-20 21:30:00,0.0,Low,8,20,21
Kelani Ganga,Holombuwa,m,21-Aug-24,9:30 AM,3.0,3.4,5.0,1.44,1.76,Normal,,47.1,2024-08-21 09:30:00,0.0,Low,8,21,9
Kelani Ganga,Holombuwa,m,21-Aug-24,12:30 PM,3.0,3.4,5.0,2.02,1.91,Normal,,1.1,2024-08-21 12:30:00,0.0,Low,8,21,12
Kelani Ganga,Holombuwa,m,21-Aug-24,3:30 PM,3.0,3.4,5.0,1.5,1.4,Normal,,1.9,2024-08-21 15:30:00,0.0,Low,8,21,15
Kelani Ganga,Holombuwa,m,21-Aug-24,9:30 PM,3.0,3.4,5.0,1.18,1.29,Normal,,1.9,2024-08-21 21:30:00,0.0,Low,8,21,21
Kelani Ganga,Holombuwa,m,21-Aug-24,3:30 AM,3.0,3.4,5.0,0.74,0.74,Normal,,30.0,2024-08-21 03:30:00,0.0,Low,8,21,3
Kelani Ganga,Holombuwa,m,21-Aug-24,6:30 AM,3.0,3.4,5.0,0.78,0.83,Normal,,40.6,2024-08-21 06:30:00,0.0,Low,8,21,6
Kelani Ganga,Holombuwa,m,21-Aug-24,9:30 AM,3.0,3.4,5.0,1.44,1.76,Normal,,47.1,2024-08-21 09:30:00,0.0,Low,8,21,9
Kelani Ganga,Holombuwa,m,21-Aug-24,9:30 PM,3.0,3.4,5.0,1.18,1.29,Normal,,1.9,2024-08-21 21:30:00,0.0,Low,8,21,21
Kelani Ganga,Holombuwa,m,22-Aug-24,3:30 AM,3.0,3.4,5.0,1.26,1.16,Normal,,1.9,2024-08-22 03:30:00,0.0,Low,8,22,3
Kelani Ganga,Holombuwa,m,22-Aug-24,6:30 AM,3.0,3.4,5.0,1.01,0.93,Normal,,1.9,2024-08-22 06:30:00,0.0,Low,8,22,6
Kelani Ganga,Holombuwa,m,22-Aug-24,9:30 AM,3.0,3.4,5.0,0.88,0.87,Normal,,1.9,2024-08-22 09:30:00,0.0,Low,8,22,9
Kelani Ganga,Holombuwa,m,22-Aug-24,12:30 PM,3.0,3.4,5.0,0.86,0.86,Normal,,0.0,2024-08-22 12:30:00,0.0,Low,8,22,12
Kelani Ganga,Holombuwa,m,22-Aug-24,3:30 PM,3.0,3.4,5.0,0.83,0.83,Normal,,0.0,2024-08-22 15:30:00,0.0,Low,8,22,15
Kelani Ganga,Holombuwa,m,22-Aug-24,9:30 PM,3.0,3.4,5.0,0.73,0.69,Normal,,0.0,2024-08-22 21:30:00,0.0,Low,8,22,21
Kelani Ganga,Holombuwa,m,23-Aug-24,6:30 AM,3.0,3.4,5.0,0.67,0.67,Normal,,0.0,2024-08-23 06:30:00,0.0,Low,8,23,6
Kelani Ganga,Holombuwa,m,23-Aug-24,9:30 AM,3.0,3.4,5.0,0.67,0.67,Normal,,0.0,2024-08-23 09:30:00,0.0,Low,8,23,9
Kelani Ganga,Holombuwa,m,23-Aug-24,3:30 PM,3.0,3.4,5.0,0.66,0.66,Normal,,0.0,2024-08-23 15:30:00,0.0,Low,8,23,15
Kelani Ganga,Holombuwa,m,24-Aug-24,9:30 AM,3.0,3.4,5.0,0.57,0.57,Normal,,0.0,2024-08-24 09:30:00,0.0,Low,8,24,9
Kelani Ganga,Holombuwa,m,31-Aug-24,9:30 AM,3.0,3.4,5.0,0.54,0.53,Normal,,17.6,2024-08-31 09:30:00,0.0,Low,8,31,9
Kelani Ganga,Holombuwa,m,2-Sep-24,9:30 AM,3.0,3.4,5.0,0.7,0.69,Normal,,15.3,2024-09-02 09:30:00,0.0,Low,9,2,9
Kelani Ganga,Holombuwa,m,3-Sep-24,9:30 AM,3.0,3.4,5.0,0.78,0.8,Normal,,12.9,2024-09-03 09:30:00,0.0,Low,9,3,9
Kelani Ganga,Holombuwa,m,3-Sep-24,12:30 PM,3.0,3.4,5.0,0.89,0.92,Normal,,1.7,2024-09-03 12:30:00,0.0,Low,9,3,12
Kelani Ganga,Holombuwa,m,3-Sep-24,3:30 PM,3.0,3.4,5.0,0.93,0.9,Normal,,1.7,2024-09-03 15:30:00,0.0,Low,9,3,15
Kelani Ganga,Holombuwa,m,3-Sep-24,6:30 PM,3.0,3.4,5.0,0.86,0.82,Normal,,1.7,2024-09-03 18:30:00,0.0,Low,9,3,18
Kelani Ganga,Holombuwa,m,4-Sep-24,9:30 AM,3.0,3.4,5.0,0.65,0.63,Normal,,5.3,2024-09-04 09:30:00,0.0,Low,9,4,9
Kelani Ganga,Holombuwa,m,5-Sep-24,9:30 AM,3.0,3.4,5.0,0.72,0.7,Normal,,8.8,2024-09-05 09:30:00,0.0,Low,9,5,9
Kelani Ganga,Holombuwa,m,27-Sep-24,9:30 AM,3.0,3.4,5.0,0.25,0.24,Normal,,1.4,2024-09-27 09:30:00,0.0,Low,9,27,9
Kelani Ganga,Holombuwa,m,28-Sep-24,9:30 AM,3.0,3.4,5.0,0.25,0.25,Normal,,3.5,2024-09-28 09:30:00,0.0,Low,9,28,9
Kelani Ganga,Holombuwa,m,29-Sep-24,9:30 AM,3.0,3.4,5.0,0.27,0.25,Normal,,12.9,2024-09-29 09:30:00,0.0,Low,9,29,9
Kelani Ganga,Holombuwa,m,8-Oct-24,9:30 AM,3.0,3.4,5.0,0.27,0.43,Normal,,12.0,2024-10-08 09:30:00,0.0,Low,10,8,9
Kelani Ganga,Holombuwa,m,11-Oct-24,9:30 AM,3.0,3.4,5.0,3.17,3.67,Minor Flood,Rising,113.7,2024-10-11 09:30:00,1.0,High,10,11,9
Kelani Ganga,Holombuwa,m,11-Oct-24,12:30 PM,3.0,3.4,5.0,4.0,3.7,Minor Flood,Falling,5.1,2024-10-11 12:30:00,-1.0,High,10,11,12
Kelani Ganga,Holombuwa,m,11-Oct-24,3:30 PM,3.0,3.4,5.0,3.04,2.81,Normal,,13.5,2024-10-11 15:30:00,0.0,Low,10,11,15
Kelani Ganga,Holombuwa,m,11-Oct-24,6:30 PM,3.0,3.4,5.0,2.58,2.39,Normal,,15.5,2024-10-11 18:30:00,0.0,Low,10,11,18
Kelani Ganga,Holombuwa,m,11-Oct-24,9:30 PM,3.0,3.4,5.0,1.93,1.81,Normal,,20.8,2024-10-11 21:30:00,0.0,Low,10,11,21
Kelani Ganga,Holombuwa,m,12-Oct-24,12:30 AM,3.0,3.4,5.0,1.63,1.53,Normal,,22.0,2024-10-12 00:30:00,0.0,Low,10,12,0
Kelani Ganga,Holombuwa,m,12-Oct-24,3:30 AM,3.0,3.4,5.0,1.6,1.7,Normal,,43.3,2024-10-12 03:30:00,0.0,Low,10,12,3
Kelani Ganga,Holombuwa,m,12-Oct-24,6:30 AM,3.0,3.4,5.0,1.84,1.9,Normal,,47.8,2024-10-12 06:30:00,0.0,Low,10,12,6
Kelani Ganga,Holombuwa,m,12-Oct-24,9:30 AM,3.0,3.4,5.0,2.02,1.81,Normal,,48.1,2024-10-12 09:30:00,0.0,Low,10,12,9
Kelani Ganga,Holombuwa,m,12-Oct-24,12:30 PM,3.0,3.4,5.0,1.64,1.58,Normal,,0.0,2024-10-12 12:30:00,0.0,Low,10,12,12
Kelani Ganga,Holombuwa,m,12-Oct-24,3:30 PM,3.0,3.4,5.0,1.45,1.37,Normal,,0.0,2024-10-12 15:30:00,0.0,Low,10,12,15
Kelani Ganga,Holombuwa,m,12-Oct-24,6:30 PM,3.0,3.4,5.0,1.25,1.21,Normal,,0.0,2024-10-12 18:30:00,0.0,Low,10,12,18
Kelani Ganga,Holombuwa,m,12-Oct-24,9:30 PM,3.0,3.4,5.0,1.14,1.12,Normal,,0.0,2024-10-12 21:30:00,0.0,Low,10,12,21
Kelani Ganga,Holombuwa,m,13-Oct-24,12:30 AM,3.0,3.4,5.0,1.08,1.05,Normal,,0.0,2024-10-13 00:30:00,0.0,Low,10,13,0
Kelani Ganga,Holombuwa,m,13-Oct-24,3:30 AM,3.0,3.4,5.0,0.98,0.95,Normal,,0.0,2024-10-13 03:30:00,0.0,Low,10,13,3
Kelani Ganga,Holombuwa,m,13-Oct-24,6:30 AM,3.0,3.4,5.0,0.9,0.89,Normal,,0.0,2024-10-13 06:30:00,0.0,Low,10,13,6
Kelani Ganga,Holombuwa,m,13-Oct-24,9:30 AM,3.0,3.4,5.0,0.86,0.85,Normal,,0.6,2024-10-13 09:30:00,0.0,Low,10,13,9
Kelani Ganga,Holombuwa,m,13-Oct-24,12:30 PM,3.0,3.4,5.0,0.84,0.88,Normal,,15.6,2024-10-13 12:30:00,0.0,Low,10,13,12
Kelani Ganga,Holombuwa,m,13-Oct-24,3:30 PM,3.0,3.4,5.0,0.93,0.99,Normal,,17.8,2024-10-13 15:30:00,0.0,Low,10,13,15
Kelani Ganga,Holombuwa,m,13-Oct-24,6:30 PM,3.0,3.4,5.0,1.0,1.05,Normal,,20.9,2024-10-13 18:30:00,0.0,Low,10,13,18
Kelani Ganga,Holombuwa,m,13-Oct-24,9:30 PM,3.0,3.4,5.0,1.02,1.0,Normal,,20.9,2024-10-13 21:30:00,0.0,Low,10,13,21
Kelani Ganga,Holombuwa,m,14-Oct-24,12:30 AM,3.0,3.4,5.0,0.96,0.94,Normal,,20.9,2024-10-14 00:30:00,0.0,Low,10,14,0
Kelani Ganga,Holombuwa,m,14-Oct-24,3:30 AM,3.0,3.4,5.0,0.91,0.88,Normal,,20.9,2024-10-14 03:30:00,0.0,Low,10,14,3
Kelani Ganga,Holombuwa,m,14-Oct-24,6:30 AM,3.0,3.4,5.0,0.83,0.81,Normal,,20.9,2024-10-14 06:30:00,0.0,Low,10,14,6
Kelani Ganga,Holombuwa,m,14-Oct-24,9:30 AM,3.0,3.4,5.0,0.79,0.78,Normal,,21.8,2024-10-14 09:30:00,0.0,Low,10,14,9
Kelani Ganga,Holombuwa,m,14-Oct-24,12:30 PM,3.0,3.4,5.0,0.76,0.75,Normal,,0.0,2024-10-14 12:30:00,0.0,Low,10,14,12
Kelani Ganga,Holombuwa,m,14-Oct-24,3:30 PM,3.0,3.4,5.0,0.8,0.99,Normal,,24.9,2024-10-14 15:30:00,0.0,Low,10,14,15
Kelani Ganga,Holombuwa,m,14-Oct-24,6:30 PM,3.0,3.4,5.0,1.25,1.28,Normal,,37.3,2024-10-14 18:30:00,0.0,Low,10,14,18
Kelani Ganga,Holombuwa,m,14-Oct-24,9:30 PM,3.0,3.4,5.0,1.32,1.34,Normal,,37.9,2024-10-14 21:30:00,0.0,Low,10,14,21
Kelani Ganga,Holombuwa,m,15-Oct-24,12:30 AM,3.0,3.4,5.0,1.34,1.28,Normal,,37.9,2024-10-15 00:30:00,0.0,Low,10,15,0
Kelani Ganga,Holombuwa,m,15-Oct-24,3:30 AM,3.0,3.4,5.0,1.18,1.07,Normal,,37.9,2024-10-15 03:30:00,0.0,Low,10,15,3
Kelani Ganga,Holombuwa,m,15-Oct-24,6:30 AM,3.0,3.4,5.0,1.0,0.98,Normal,,37.9,2024-10-15 06:30:00,0.0,Low,10,15,6
Kelani Ganga,Holombuwa,m,15-Oct-24,12:30 PM,3.0,3.4,5.0,0.8,0.74,Normal,,0.0,2024-10-15 12:30:00,0.0,Low,10,15,12
Kelani Ganga,Holombuwa,m,15-Oct-24,3:30 PM,3.0,3.4,5.0,0.8,0.8,Normal,,0.0,2024-10-15 15:30:00,0.0,Low,10,15,15
Kelani Ganga,Holombuwa,m,15-Oct-24,6:30 PM,3.0,3.4,5.0,0.9,0.95,Normal,,11.2,2024-10-15 18:30:00,0.0,Low,10,15,18
Kelani Ganga,Holombuwa,m,16-Oct-24,9:30 AM,3.0,3.4,5.0,0.8,0.78,Normal,,17.1,2024-10-16 09:30:00,0.0,Low,10,16,9
Kelani Ganga,Holombuwa,m,16-Oct-24,12:30 PM,3.0,3.4,5.0,0.75,0.73,Normal,,0.6,2024-10-16 12:30:00,0.0,Low,10,16,12
Kelani Ganga,Holombuwa,m,16-Oct-24,3:30 PM,3.0,3.4,5.0,0.73,0.72,Normal,,0.6,2024-10-16 15:30:00,0.0,Low,10,16,15
Kelani Ganga,Holombuwa,m,17-Oct-24,9:30 AM,3.0,3.4,5.0,0.6,0.6,Normal,,0.6,2024-10-17 09:30:00,0.0,Low,10,17,9
Kelani Ganga,Holombuwa,m,18-Oct-24,9:30 AM,3.0,3.4,5.0,0.52,0.51,Normal,,0.0,2024-10-18 09:30:00,0.0,Low,10,18,9
Kelani Ganga,Holombuwa,m,19-Oct-24,9:30 AM,3.0,3.4,5.0,0.48,0.48,Normal,,0.0,2024-10-19 09:30:00,0.0,Low,10,19,9
Kelani Ganga,Holombuwa,m,20-Oct-24,9:30 AM,3.0,3.4,5.0,0.44,0.44,Normal,,0.0,2024-10-20 09:30:00,0.0,Low,10,20,9
Kelani Ganga,Holombuwa,m,21-Oct-24,9:30 AM,3.0,3.4,5.0,0.4,0.39,Normal,,0.0,2024-10-21 09:30:00,0.0,Low,10,21,9
Kelani Ganga,Holombuwa,m,22-Oct-24,9:30 AM,3.0,3.4,5.0,0.35,0.34,Normal,,0.0,2024-10-22 09:30:00,0.0,Low,10,22,9
Kelani Ganga,Holombuwa,m,24-Oct-24,9:30 AM,3.0,3.4,5.0,0.47,0.45,Normal,,0.0,2024-10-24 09:30:00,0.0,Low,10,24,9
Kelani Ganga,Holombuwa,m,24-Oct-24,12:30 PM,3.0,3.4,5.0,0.45,0.45,Normal,,0.0,2024-10-24 12:30:00,0.0,Low,10,24,12
Kelani Ganga,Holombuwa,m,25-Oct-24,9:30 AM,3.0,3.4,5.0,0.45,0.44,Normal,,1.9,2024-10-25 09:30:00,0.0,Low,10,25,9
Kelani Ganga,Holombuwa,m,26-Oct-24,9:30 AM,3.0,3.4,5.0,0.41,0.41,Normal,,23.2,2024-10-26 09:30:00,0.0,Low,10,26,9
Kelani Ganga,Holombuwa,m,28-Oct-24,9:30 AM,3.0,3.4,5.0,0.3,0.28,Normal,,0.0,2024-10-28 09:30:00,0.0,Low,10,28,9
Kelani Ganga,Holombuwa,m,24-Oct-24,4:30 PM,3.0,3.4,5.0,0.45,0.45,Normal,,0.0,2024-10-24 16:30:00,0.0,Low,10,24,16
Kelani Ganga,Holombuwa,m,24-Oct-24,6:30 PM,3.0,3.4,5.0,0.46,0.44,Normal,,0.0,2024-10-24 18:30:00,0.0,Low,10,24,18
Kelani Ganga,Holombuwa,m,24-Oct-24,10:30 PM,3.0,3.4,5.0,0.45,0.45,Normal,,0.0,2024-10-24 22:30:00,0.0,Low,10,24,22
Kelani Ganga,Holombuwa,m,29-Oct-24,9:30 AM,3.0,3.4,5.0,0.33,0.32,Normal,,0.0,2024-10-29 09:30:00,0.0,Low,10,29,9
Kelani Ganga,Holombuwa,m,30-Oct-24,9:30 AM,3.0,3.4,5.0,0.33,0.32,Normal,,2.8,2024-10-30 09:30:00,0.0,Low,10,30,9
Kelani Ganga,Holombuwa,m,31-Oct-24,9:30 AM,3.0,3.4,5.0,0.34,0.35,Normal,,1.3,2024-10-31 09:30:00,0.0,Low,10,31,9
Kelani Ganga,Holombuwa,m,1-Nov-24,9:30 AM,3.0,3.4,5.0,0.55,0.55,Normal,,9.2,2024-11-01 09:30:00,0.0,Low,11,1,9
Kelani Ganga,Holombuwa,m,3-Nov-24,9:30 AM,3.0,3.4,5.0,0.37,0.38,Normal,,0.0,2024-11-03 09:30:00,0.0,Low,11,3,9
Kelani Ganga,Holombuwa,m,7-Nov-24,9:30 AM,3.0,3.4,5.0,1.13,1.12,Normal,,1.7,2024-11-07 09:30:00,0.0,Low,11,7,9
Kelani Ganga,Holombuwa,m,8-Nov-24,9:30 AM,3.0,3.4,5.0,0.54,0.52,Normal,,0.0,2024-11-08 09:30:00,0.0,Low,11,8,9
Kelani Ganga,Holombuwa,m,9-Nov-24,9:30 AM,3.0,3.4,5.0,0.49,0.51,Normal,,30.0,2024-11-09 09:30:00,0.0,Low,11,9,9
Kelani Ganga,Holombuwa,m,10-Nov-24,9:30 AM,3.0,3.4,5.0,0.5,0.49,Normal,,0.0,2024-11-10 09:30:00,0.0,Low,11,10,9
Kelani Ganga,Holombuwa,m,11-Nov-24,9:30 AM,3.0,3.4,5.0,0.47,0.47,Normal,,0.0,2024-11-11 09:30:00,0.0,Low,11,11,9
Kelani Ganga,Holombuwa,m,12-Nov-24,9:30 AM,3.0,3.4,5.0,0.63,0.63,Normal,,0.0,2024-11-12 09:30:00,0.0,Low,11,12,9
Kelani Ganga,Holombuwa,m,13-Nov-24,6:30 AM,3.0,3.4,5.0,0.45,0.45,Normal,,0.0,2024-11-13 06:30:00,0.0,Low,11,13,6
Kelani Ganga,Holombuwa,m,13-Nov-24,12:30 PM,3.0,3.4,5.0,0.47,0.47,Normal,,10.6,2024-11-13 12:30:00,0.0,Low,11,13,12
Kelani Ganga,Holombuwa,m,13-Nov-24,6:30 PM,3.0,3.4,5.0,0.47,0.47,Normal,,10.6,2024-11-13 18:30:00,0.0,Low,11,13,18
Kelani Ganga,Holombuwa,m,13-Nov-24,12:30 PM,3.0,3.4,5.0,0.47,0.47,Normal,,10.6,2024-11-13 12:30:00,0.0,Low,11,13,12
Kelani Ganga,Holombuwa,m,13-Nov-24,3:30 PM,3.0,3.4,5.0,0.47,0.47,Normal,,10.6,2024-11-13 15:30:00,0.0,Low,11,13,15
Kelani Ganga,Holombuwa,m,13-Nov-24,6:30 PM,3.0,3.4,5.0,0.47,0.47,Normal,,10.6,2024-11-13 18:30:00,0.0,Low,11,13,18
Kelani Ganga,Holombuwa,m,13-Nov-24,9:30 PM,3.0,3.4,5.0,0.47,0.47,Normal,,10.6,2024-11-13 21:30:00,0.0,Low,11,13,21
Kelani Ganga,Holombuwa,m,14-Nov-24,12:30 AM,3.0,3.4,5.0,0.47,0.47,Normal,,10.6,2024-11-14 00:30:00,0.0,Low,11,14,0
Kelani Ganga,Holombuwa,m,14-Nov-24,3:30 AM,3.0,3.4,5.0,0.47,0.47,Normal,,10.6,2024-11-14 03:30:00,0.0,Low,11,14,3
Kelani Ganga,Holombuwa,m,14-Nov-24,6:30 AM,3.0,3.4,5.0,0.47,0.47,Normal,,10.6,2024-11-14 06:30:00,0.0,Low,11,14,6
Kelani Ganga,Holombuwa,m,14-Nov-24,9:30 AM,3.0,3.4,5.0,0.64,0.61,Normal,,17.6,2024-11-14 09:30:00,0.0,Low,11,14,9
Kelani Ganga,Holombuwa,m,14-Nov-24,12:30 PM,3.0,3.4,5.0,0.64,0.61,Normal,,17.6,2024-11-14 12:30:00,0.0,Low,11,14,12
Kelani Ganga,Holombuwa,m,14-Nov-24,3:30 PM,3.0,3.4,5.0,0.64,0.61,Normal,,17.6,2024-11-14 15:30:00,0.0,Low,11,14,15
Kelani Ganga,Holombuwa,m,14-Nov-24,6:30 PM,3.0,3.4,5.0,0.64,0.61,Normal,,17.6,2024-11-14 18:30:00,0.0,Low,11,14,18
Kelani Ganga,Holombuwa,m,14-Nov-24,9:30 PM,3.0,3.4,5.0,0.64,0.61,Normal,,17.6,2024-11-14 21:30:00,0.0,Low,11,14,21
Kelani Ganga,Holombuwa,m,15-Nov-24,12:30 AM,3.0,3.4,5.0,0.64,0.61,Normal,,17.6,2024-11-15 00:30:00,0.0,Low,11,15,0
Kelani Ganga,Holombuwa,m,15-Nov-24,3:30 AM,3.0,3.4,5.0,0.64,0.61,Normal,,17.6,2024-11-15 03:30:00,0.0,Low,11,15,3
Kelani Ganga,Holombuwa,m,15-Nov-24,6:30 AM,3.0,3.4,5.0,0.64,0.61,Normal,,17.6,2024-11-15 06:30:00,0.0,Low,11,15,6
Kelani Ganga,Holombuwa,m,15-Nov-24,9:30 AM,3.0,3.4,5.0,0.64,0.61,Normal,,17.6,2024-11-15 09:30:00,0.0,Low,11,15,9
Kelani Ganga,Holombuwa,m,15-Nov-24,12:30 PM,3.0,3.4,5.0,0.93,0.91,Normal,,0.0,2024-11-15 12:30:00,0.0,Low,11,15,12
Kelani Ganga,Holombuwa,m,15-Nov-24,3:30 PM,3.0,3.4,5.0,0.88,0.88,Normal,,5.6,2024-11-15 15:30:00,0.0,Low,11,15,15
Kelani Ganga,Holombuwa,m,16-Nov-24,9:30 AM,3.0,3.4,5.0,1.21,1.18,Normal,,48.8,2024-11-16 09:30:00,0.0,Low,11,16,9
Kelani Ganga,Holombuwa,m,17-Nov-24,9:30 AM,3.0,3.4,5.0,0.98,0.96,Normal,,5.8,2024-11-17 09:30:00,0.0,Low,11,17,9
Kelani Ganga,Holombuwa,m,18-Nov-24,9:30 AM,3.0,3.4,5.0,0.87,0.86,Normal,,1.8,2024-11-18 09:30:00,0.0,Low,11,18,9
Kelani Ganga,Holombuwa,m,19-Nov-24,9:30 AM,3.0,3.4,5.0,1.38,1.36,Normal,,36.4,2024-11-19 09:30:00,0.0,Low,11,19,9
Kelani Ganga,Holombuwa,m,20-Nov-24,9:30 AM,3.0,3.4,5.0,1.44,1.41,Normal,,140.4,2024-11-20 09:30:00,0.0,Low,11,20,9
Kelani Ganga,Holombuwa,m,21-Nov-24,9:30 AM,3.0,3.4,5.0,1.05,1.02,Normal,,3.0,2024-11-21 09:30:00,0.0,Low,11,21,9
Kelani Ganga,Holombuwa,m,22-Nov-24,9:30 AM,3.0,3.4,5.0,1.29,1.28,Normal,,23.3,2024-11-22 09:30:00,0.0,Low,11,22,9
Kelani Ganga,Holombuwa,m,24-Nov-24,9:30 AM,3.0,3.4,5.0,0.98,0.96,Normal,,3.1,2024-11-24 09:30:00,0.0,Low,11,24,9
Kelani Ganga,Holombuwa,m,24-Nov-24,9:30 AM,3.0,3.4,5.0,0.89,0.88,Normal,,0.6,2024-11-24 09:30:00,0.0,Low,11,24,9
Kelani Ganga,Holombuwa,m,24-Nov-24,6:30 PM,3.0,3.4,5.0,0.86,0.85,Normal,,0.0,2024-11-24 18:30:00,0.0,Low,11,24,18
Kelani Ganga,Holombuwa,m,25-Nov-24,12:30 AM,3.0,3.4,5.0,0.83,0.82,Normal,,0.0,2024-11-25 00:30:00,0.0,Low,11,25,0
Kelani Ganga,Holombuwa,m,25-Nov-24,6:30 AM,3.0,3.4,5.0,0.88,0.86,Normal,,0.6,2024-11-25 06:30:00,0.0,Low,11,25,6
Kelani Ganga,Holombuwa,m,25-Nov-24,6:30 PM,3.0,3.4,5.0,0.95,0.98,Normal,,2.4,2024-11-25 18:30:00,0.0,Low,11,25,18
Kelani Ganga,Holombuwa,m,26-Nov-24,12:30 AM,3.0,3.4,5.0,1.99,1.21,Normal,,29.0,2024-11-26 00:30:00,0.0,Low,11,26,0
Kelani Ganga,Holombuwa,m,26-Nov-24,6:30 AM,3.0,3.4,5.0,1.68,2.05,Normal,,44.0,2024-11-26 06:30:00,0.0,Low,11,26,6
Kelani Ganga,Holombuwa,m,26-Nov-24,12:30 PM,3.0,3.4,5.0,2.72,2.77,Normal,,0.4,2024-11-26 12:30:00,0.0,Low,11,26,12
Kelani Ganga,Holombuwa,m,26-Nov-24,3:30 PM,3.0,3.4,5.0,1.4,1.4,Normal,,5.4,2024-11-26 15:30:00,0.0,Low,11,26,15
Kelani Ganga,Holombuwa,m,26-Nov-24,6:30 PM,3.0,3.4,5.0,1.32,1.34,Normal,,5.2,2024-11-26 18:30:00,0.0,Low,11,26,18
Kelani Ganga,Holombuwa,m,26-Nov-24,9:30 PM,3.0,3.4,5.0,2.15,2.4,Normal,,12.7,2024-11-26 21:30:00,0.0,Low,11,26,21
Kelani Ganga,Holombuwa,m,27-Nov-24,3:30 AM,3.0,3.4,5.0,5.21,4.7,Minor Flood,Falling,65.1,2024-11-27 03:30:00,-1.0,High,11,27,3
Kelani Ganga,Holombuwa,m,27-Nov-24,6:30 AM,3.0,3.4,5.0,4.92,4.52,Minor Flood,Falling,66.0,2024-11-27 06:30:00,-1.0,High,11,27,6
Kelani Ganga,Holombuwa,m,27-Nov-24,9:30 AM,3.0,3.4,5.0,3.82,3.53,Normal,,44.2,2024-11-27 09:30:00,0.0,Low,11,27,9
Kelani Ganga,Holombuwa,m,27-Nov-24,12:30 PM,3.0,3.4,5.0,3.12,3.05,Normal,,1.2,2024-11-27 12:30:00,0.0,Low,11,27,12
Kelani Ganga,Holombuwa,m,27-Nov-24,3:30 PM,3.0,3.4,5.0,2.29,2.58,Normal,,4.0,2024-11-27 15:30:00,0.0,Low,11,27,15
Kelani Ganga,Holombuwa,m,27-Nov-24,6:30 PM,3.0,3.4,5.0,2.41,2.41,Normal,,18.0,2024-11-27 18:30:00,0.0,Low,11,27,18
Kelani Ganga,Holombuwa,m,27-Nov-24,9:30 PM,3.0,3.4,5.0,2.41,2.41,Normal,,5.5,2024-11-27 21:30:00,0.0,Low,11,27,21
Kelani Ganga,Holombuwa,m,28-Nov-24,3:30 AM,3.0,3.4,5.0,2.14,2.09,Normal,,9.2,2024-11-28 03:30:00,0.0,Low,11,28,3
Kelani Ganga,Holombuwa,m,28-Nov-24,6:30 AM,3.0,3.4,5.0,1.95,1.95,Normal,,10.3,2024-11-28 06:30:00,0.0,Low,11,28,6
Kelani Ganga,Holombuwa,m,28-Nov-24,9:30 AM,3.0,3.4,5.0,1.86,1.85,Normal,,30.0,2024-11-28 09:30:00,0.0,Low,11,28,9
Kelani Ganga,Holombuwa,m,28-Nov-24,12:30 PM,3.0,3.4,5.0,1.76,1.78,Normal,,0.0,2024-11-28 12:30:00,0.0,Low,11,28,12
Kelani Ganga,Holombuwa,m,28-Nov-24,3:30 PM,3.0,3.4,5.0,1.75,1.75,Normal,,0.0,2024-11-28 15:30:00,0.0,Low,11,28,15
Kelani Ganga,Holombuwa,m,28-Nov-24,6:30 PM,3.0,3.4,5.0,1.5,1.37,Normal,,0.0,2024-11-28 18:30:00,0.0,Low,11,28,18
Kelani Ganga,Holombuwa,m,29-Nov-24,12:30 AM,3.0,3.4,5.0,1.48,1.44,Normal,,0.6,2024-11-29 00:30:00,0.0,Low,11,29,0
Kelani Ganga,Holombuwa,m,29-Nov-24,3:30 AM,3.0,3.4,5.0,1.48,1.45,Normal,,0.6,2024-11-29 03:30:00,0.0,Low,11,29,3
Kelani Ganga,Holombuwa,m,29-Nov-24,6:30 AM,3.0,3.4,5.0,1.36,1.34,Normal,,0.6,2024-11-29 06:30:00,0.0,Low,11,29,6
Kelani Ganga,Holombuwa,m,29-Nov-24,9:30 AM,3.0,3.4,5.0,1.36,1.37,Normal,,0.6,2024-11-29 09:30:00,0.0,Low,11,29,9
Kelani Ganga,Holombuwa,m,29-Nov-24,12:30 PM,3.0,3.4,5.0,1.31,1.3,Normal,,11.4,2024-11-29 12:30:00,0.0,Low,11,29,12
Kelani Ganga,Holombuwa,m,29-Nov-24,3:30 PM,3.0,3.4,5.0,1.32,1.31,Normal,,14.2,2024-11-29 15:30:00,0.0,Low,11,29,15
Kelani Ganga,Holombuwa,m,29-Nov-24,6:30 PM,3.0,3.4,5.0,1.31,1.31,Normal,,14.2,2024-11-29 18:30:00,0.0,Low,11,29,18
Kelani Ganga,Holombuwa,m,29-Nov-24,9:30 PM,3.0,3.4,5.0,1.32,1.31,Normal,,5.3,2024-11-29 21:30:00,0.0,Low,11,29,21
Kelani Ganga,Holombuwa,m,30-Nov-24,12:30 AM,3.0,3.4,5.0,1.29,1.28,Normal,,5.9,2024-11-30 00:30:00,0.0,Low,11,30,0
Kelani Ganga,Holombuwa,m,30-Nov-24,3:30 AM,3.0,3.4,5.0,1.29,1.28,Normal,,5.9,2024-11-30 03:30:00,0.0,Low,11,30,3
Kelani Ganga,Holombuwa,m,30-Nov-24,6:30 AM,3.0,3.4,5.0,1.31,1.31,Normal,,14.2,2024-11-30 06:30:00,0.0,Low,11,30,6
Kelani Ganga,Holombuwa,m,30-Nov-24,8:30 PM,3.0,3.4,5.0,1.32,1.31,Normal,,14.2,2024-11-30 20:30:00,0.0,Low,11,30,20
Kelani Ganga,Holombuwa,m,30-Nov-24,9:30 AM,3.0,3.4,5.0,1.13,1.12,Normal,,7.0,2024-11-30 09:30:00,0.0,Low,11,30,9
Kelani Ganga,Holombuwa,m,30-Nov-24,12:30 PM,3.0,3.4,5.0,1.3,1.3,Normal,,11.4,2024-11-30 12:30:00,0.0,Low,11,30,12
Kelani Ganga,Holombuwa,m,30-Nov-24,3:30 PM,3.0,3.4,5.0,1.32,1.31,Normal,,14.2,2024-11-30 15:30:00,0.0,Low,11,30,15
Kelani Ganga,Holombuwa,m,30-Nov-24,6:30 PM,3.0,3.4,5.0,1.31,1.31,Normal,,14.2,2024-11-30 18:30:00,0.0,Low,11,30,18
Kelani Ganga,Holombuwa,m,30-Nov-24,9:30 PM,3.0,3.4,5.0,1.15,1.12,Normal,,1.4,2024-11-30 21:30:00,0.0,Low,11,30,21
Kelani Ganga,Holombuwa,m,29-Nov-24,12:30 PM,3.0,3.4,5.0,1.32,1.34,Normal,,1.6,2024-11-29 12:30:00,0.0,Low,11,29,12
Kelani Ganga,Holombuwa,m,29-Nov-24,3:30 PM,3.0,3.4,5.0,1.29,1.25,Normal,,0.0,2024-11-29 15:30:00,0.0,Low,11,29,15
Kelani Ganga,Holombuwa,m,29-Nov-24,6:30 PM,3.0,3.4,5.0,1.32,1.32,Normal,,5.9,2024-11-29 18:30:00,0.0,Low,11,29,18
Kelani Ganga,Holombuwa,m,29-Nov-24,9:30 PM,3.0,3.4,5.0,1.32,1.31,Normal,,5.3,2024-11-29 21:30:00,0.0,Low,11,29,21
Kelani Ganga,Holombuwa,m,30-Nov-24,12:30 AM,3.0,3.4,5.0,1.29,1.28,Normal,,5.9,2024-11-30 00:30:00,0.0,Low,11,30,0
Kelani Ganga,Holombuwa,m,30-Nov-24,3:30 AM,3.0,3.4,5.0,1.29,1.28,Normal,,5.9,2024-11-30 03:30:00,0.0,Low,11,30,3
Kelani Ganga,Holombuwa,m,30-Nov-24,6:30 AM,3.0,3.4,5.0,1.31,1.31,Normal,,14.2,2024-11-30 06:30:00,0.0,Low,11,30,6
Kelani Ganga,Holombuwa,m,30-Nov-24,9:30 AM,3.0,3.4,5.0,1.13,1.12,Normal,,7.0,2024-11-30 09:30:00,0.0,Low,11,30,9
Kelani Ganga,Holombuwa,m,30-Nov-24,12:30 PM,3.0,3.4,5.0,1.3,1.3,Normal,,11.4,2024-11-30 12:30:00,0.0,Low,11,30,12
Kelani Ganga,Holombuwa,m,30-Nov-24,3:30 PM,3.0,3.4,5.0,1.32,1.31,Normal,,14.2,2024-11-30 15:30:00,0.0,Low,11,30,15
Kelani Ganga,Holombuwa,m,30-Nov-24,6:30 PM,3.0,3.4,5.0,1.31,1.31,Normal,,14.2,2024-11-30 18:30:00,0.0,Low,11,30,18
Kelani Ganga,Holombuwa,m,30-Nov-24,9:30 PM,3.0,3.4,5.0,1.15,1.12,Normal,,1.4,2024-11-30 21:30:00,0.0,Low,11,30,21
Kelani Ganga,Holombuwa,m,30-Nov-24,9:30 PM,3.0,3.4,5.0,1.15,1.12,Normal,,1.4,2024-11-30 21:30:00,0.0,Low,11,30,21
Kelani Ganga,Holombuwa,m,1-Dec-24,6:30 AM,3.0,3.4,5.0,0.97,0.97,Normal,,1.4,2024-12-01 06:30:00,0.0,Low,12,1,6
Kelani Ganga,Holombuwa,m,1-Dec-24,9:30 AM,3.0,3.4,5.0,0.96,0.96,Normal,,1.4,2024-12-01 09:30:00,0.0,Low,12,1,9
Kelani Ganga,Holombuwa,m,1-Dec-24,6:30 PM,3.0,3.4,5.0,0.95,0.95,Normal,,0.0,2024-12-01 18:30:00,0.0,Low,12,1,18
Kelani Ganga,Holombuwa,m,2-Dec-24,9:30 AM,3.0,3.4,5.0,0.92,0.92,Normal,,0.0,2024-12-02 09:30:00,0.0,Low,12,2,9
Kelani Ganga,Holombuwa,m,3-Dec-24,9:30 AM,3.0,3.4,5.0,0.78,0.75,Normal,,0.0,2024-12-03 09:30:00,0.0,Low,12,3,9
Kelani Ganga,Holombuwa,m,4-Dec-24,12:30 AM,3.0,3.4,5.0,0.71,0.71,Normal,,0.0,2024-12-04 00:30:00,0.0,Low,12,4,0
Kelani Ganga,Holombuwa,m,5-Dec-24,12:30 AM,3.0,3.4,5.0,0.68,0.68,Normal,,9.8,2024-12-05 00:30:00,0.0,Low,12,5,0
Kelani Ganga,Holombuwa,m,5-Dec-24,6:30 AM,3.0,3.4,5.0,0.67,0.67,Normal,,14.0,2024-12-05 06:30:00,0.0,Low,12,5,6
Kelani Ganga,Holombuwa,m,5-Dec-24,9:30 AM,3.0,3.4,5.0,0.64,0.64,Normal,,3.0,2024-12-05 09:30:00,0.0,Low,12,5,9
Kelani Ganga,Holombuwa,m,8-Dec-24,9:30 AM,3.0,3.4,5.0,0.54,0.52,Normal,,0.0,2024-12-08 09:30:00,0.0,Low,12,8,9
Kelani Ganga,Holombuwa,m,9-Dec-24,9:30 AM,3.0,3.4,5.0,0.49,0.51,Normal,,0.0,2024-12-09 09:30:00,0.0,Low,12,9,9
Kelani Ganga,Holombuwa,m,9-Dec-24,6:30 PM,3.0,3.4,5.0,0.49,0.49,Normal,,0.0,2024-12-09 18:30:00,0.0,Low,12,9,18
Kelani Ganga,Holombuwa,m,10-Dec-24,12:30 AM,3.0,3.4,5.0,0.49,0.49,Normal,,0.0,2024-12-10 00:30:00,0.0,Low,12,10,0
Kelani Ganga,Holombuwa,m,10-Dec-24,6:30 AM,3.0,3.4,5.0,0.48,0.48,Normal,,0.0,2024-12-10 06:30:00,0.0,Low,12,10,6
Kelani Ganga,Holombuwa,m,10-Dec-24,9:30 AM,3.0,3.4,5.0,0.5,0.49,Normal,,0.0,2024-12-10 09:30:00,0.0,Low,12,10,9
Kelani Ganga,Holombuwa,m,10-Dec-24,6:30 PM,3.0,3.4,5.0,0.49,0.49,Normal,,0.0,2024-12-10 18:30:00,0.0,Low,12,10,18
Kelani Ganga,Holombuwa,m,11-Dec-24,9:30 AM,3.0,3.4,5.0,0.47,0.47,Normal,,0.0,2024-12-11 09:30:00,0.0,Low,12,11,9
Kelani Ganga,Holombuwa,m,11-Dec-24,6:30 PM,3.0,3.4,5.0,0.49,0.48,Normal,,0.0,2024-12-11 18:30:00,0.0,Low,12,11,18
Kelani Ganga,Holombuwa,m,12-Dec-24,9:30 AM,3.0,3.4,5.0,0.63,0.63,Normal,,24.6,2024-12-12 09:30:00,0.0,Low,12,12,9
Kelani Ganga,Holombuwa,m,13-Dec-24,6:30 AM,3.0,3.4,5.0,0.45,0.45,Normal,,0.0,2024-12-13 06:30:00,0.0,Low,12,13,6
Kelani Ganga,Holombuwa,m,13-Dec-24,6:30 PM,3.0,3.4,5.0,0.47,0.47,Normal,,21.4,2024-12-13 18:30:00,0.0,Low,12,13,18
Kelani Ganga,Holombuwa,m,14-Dec-24,6:30 AM,3.0,3.4,5.0,0.55,0.55,Normal,,5.7,2024-12-14 06:30:00,0.0,Low,12,14,6
Kelani Ganga,Holombuwa,m,14-Dec-24,9:30 AM,3.0,3.4,5.0,0.46,0.47,Normal,,0.0,2024-12-14 09:30:00,0.0,Low,12,14,9
Kelani Ganga,Holombuwa,m,14-Dec-24,9:30 AM,3.0,3.4,5.0,0.64,0.61,Normal,,5.7,2024-12-14 09:30:00,0.0,Low,12,14,9
Kelani Ganga,Holombuwa,m,15-Dec-24,6:30 AM,3.0,3.4,5.0,0.67,0.58,Normal,,0.3,2024-12-15 06:30:00,0.0,Low,12,15,6
Kelani Ganga,Holombuwa,m,15-Dec-24,9:30 AM,3.0,3.4,5.0,0.58,0.51,Normal,,9.3,2024-12-15 09:30:00,0.0,Low,12,15,9
Kelani Ganga,Holombuwa,m,15-Dec-24,6:30 PM,3.0,3.4,5.0,0.47,0.47,Normal,,0.0,2024-12-15 18:30:00,0.0,Low,12,15,18
Kelani Ganga,Holombuwa,m,16-Dec-24,6:30 AM,3.0,3.4,5.0,0.47,0.58,Normal,,26.9,2024-12-16 06:30:00,0.0,Low,12,16,6
Kelani Ganga,Holombuwa,m,16-Dec-24,9:30 AM,3.0,3.4,5.0,0.64,0.65,Normal,,26.9,2024-12-16 09:30:00,0.0,Low,12,16,9
Kelani Ganga,Holombuwa,m,16-Dec-24,12:30 AM,3.0,3.4,5.0,0.46,0.46,Normal,,0.0,2024-12-16 00:30:00,0.0,Low,12,16,0
Kelani Ganga,Holombuwa,m,16-Dec-24,6:30 PM,3.0,3.4,5.0,0.5,0.54,Normal,,3.7,2024-12-16 18:30:00,0.0,Low,12,16,18
Kelani Ganga,Holombuwa,m,17-Dec-24,6:30 AM,3.0,3.4,5.0,0.5,0.64,Normal,,21.8,2024-12-17 06:30:00,0.0,Low,12,17,6
Kelani Ganga,Holombuwa,m,17-Dec-24,9:30 AM,3.0,3.4,5.0,0.64,0.61,Normal,,11.2,2024-12-17 09:30:00,0.0,Low,12,17,9
Kelani Ganga,Holombuwa,m,17-Dec-24,6:30 PM,3.0,3.4,5.0,0.57,0.58,Normal,,0.0,2024-12-17 18:30:00,0.0,Low,12,17,18
Kelani Ganga,Holombuwa,m,18-Dec-24,6:30 AM,3.0,3.4,5.0,0.52,0.52,Normal,,0.0,2024-12-18 06:30:00,0.0,Low,12,18,6
Kelani Ganga,Holombuwa,m,18-Dec-24,9:30 AM,3.0,3.4,5.0,0.5,0.5,Normal,,0.0,2024-12-18 09:30:00,0.0,Low,12,18,9
Kelani Ganga,Holombuwa,m,22-Dec-24,6:30 AM,3.0,3.4,5.0,0.41,0.41,Normal,,2.5,2024-12-22 06:30:00,0.0,Low,12,22,6
Kelani Ganga,Holombuwa,m,22-Dec-24,9:30 AM,3.0,3.4,5.0,0.57,0.55,Normal,,0.3,2024-12-22 09:30:00,0.0,Low,12,22,9
Kelani Ganga,Holombuwa,m,22-Dec-24,6:30 PM,3.0,3.4,5.0,0.43,0.37,Normal,,1.9,2024-12-22 18:30:00,0.0,Low,12,22,18
Kelani Ganga,Holombuwa,m,23-Dec-24,12:30 AM,3.0,3.4,5.0,0.34,0.34,Normal,,5.9,2024-12-23 00:30:00,0.0,Low,12,23,0
Kelani Ganga,Holombuwa,m,23-Dec-24,6:30 AM,3.0,3.4,5.0,0.33,0.37,Normal,,5.9,2024-12-23 06:30:00,0.0,Low,12,23,6
Kelani Ganga,Holombuwa,m,23-Dec-24,9:30 AM,3.0,3.4,5.0,0.43,0.42,Normal,,5.9,2024-12-23 09:30:00,0.0,Low,12,23,9
Kelani Ganga,Holombuwa,m,24-Dec-24,9:30 AM,3.0,3.4,5.0,0.31,0.3,Normal,,0.0,2024-12-24 09:30:00,0.0,Low,12,24,9
Kelani Ganga,Holombuwa,m,25-Dec-24,9:30 AM,3.0,3.4,5.0,0.31,0.29,Normal,,0.0,2024-12-25 09:30:00,0.0,Low,12,25,9
Kelani Ganga,Holombuwa,m,26-Dec-24,9:30 AM,3.0,3.4,5.0,0.27,0.26,Normal,,0.0,2024-12-26 09:30:00,0.0,Low,12,26,9
Kelani Ganga,Holombuwa,m,31-Dec-24,6:30 AM,3.0,3.4,5.0,0.24,0.23,Normal,,2.2,2024-12-31 06:30:00,0.0,Low,12,31,6
Kelani Ganga,Holombuwa,m,31-Dec-24,9:30 AM,3.0,3.4,5.0,0.29,0.36,Normal,,2.2,2024-12-31 09:30:00,0.0,Low,12,31,9
Kelani Ganga,Holombuwa,m,2-Jan-25,9:30 AM,3.0,3.4,5.0,0.43,0.42,Normal,,3.1,2025-01-02 09:30:00,0.0,Low,1,2,9
Kelani Ganga,Holombuwa,m,4-Jan-25,9:30 AM,3.0,3.4,5.0,0.25,0.24,Normal,,0.0,2025-01-04 09:30:00,0.0,Low,1,4,9
Kelani Ganga,Holombuwa,m,3-Mar-25,9:30 AM,3.0,3.4,5.0,0.37,0.36,Normal,,24.9,2025-03-03 09:30:00,0.0,Low,3,3,9
Kelani Ganga,Holombuwa,m,4-Mar-25,9:30 AM,3.0,3.4,5.0,0.25,0.24,Normal,,0.0,2025-03-04 09:30:00,0.0,Low,3,4,9
Kelani Ganga,Holombuwa,m,5-Mar-25,9:30 AM,3.0,3.4,5.0,0.21,0.21,Normal,,0.0,2025-03-05 09:30:00,0.0,Low,3,5,9
Kelani Ganga,Holombuwa,m,23-Mar-25,9:30 AM,3.0,3.4,5.0,0.19,0.19,Normal,,0.0,2025-03-23 09:30:00,0.0,Low,3,23,9
Kelani Ganga,Holombuwa,m,24-Mar-25,9:30 AM,3.0,3.4,5.0,0.2,0.2,Normal,,0.0,2025-03-24 09:30:00,0.0,Low,3,24,9
Kelani Ganga,Holombuwa,m,25-Mar-25,9:30 AM,3.0,3.4,5.0,0.19,0.19,Normal,,0.0,2025-03-25 09:30:00,0.0,Low,3,25,9
Kelani Ganga,Holombuwa,m,26-Mar-25,9:30 AM,3.0,3.4,5.0,0.57,0.55,Normal,,0.0,2025-03-26 09:30:00,0.0,Low,3,26,9
Kelani Ganga,Holombuwa,m,8-Apr-25,9:30 AM,3.0,3.4,5.0,0.53,0.51,Normal,,0.0,2025-04-08 09:30:00,0.0,Low,4,8,9
Kelani Ganga,Holombuwa,m,11-Apr-25,9:30 AM,3.0,3.4,5.0,0.61,0.59,Normal,,63.0,2025-04-11 09:30:00,0.0,Low,4,11,9
Kelani Ganga,Holombuwa,m,16-May-25,9:30 AM,3.0,3.4,5.0,0.17,0.17,Normal,,0.3,2025-05-16 09:30:00,0.0,Low,5,16,9
Kelani Ganga,Holombuwa,m,20-May-25,9:30 AM,3.0,3.4,5.0,0.65,0.64,Normal,,16.5,2025-05-20 09:30:00,0.0,Low,5,20,9
Kelani Ganga,Holombuwa,m,21-May-25,9:30 AM,3.0,3.4,5.0,0.47,0.49,Normal,,0.0,2025-05-21 09:30:00,0.0,Low,5,21,9
Kelani Ganga,Holombuwa,m,25-May-25,9:30 AM,3.0,3.4,5.0,0.78,0.77,Normal,,32.0,2025-05-25 09:30:00,0.0,Low,5,25,9
Kelani Ganga,Holombuwa,m,26-May-25,9:30 AM,3.0,3.4,5.0,0.7,0.69,Normal,,15.4,2025-05-26 09:30:00,0.0,Low,5,26,9
Kelani Ganga,Holombuwa,m,27-May-25,9:30 AM,3.0,3.4,5.0,2.23,2.17,Normal,,47.8,2025-05-27 09:30:00,0.0,Low,5,27,9
Kelani Ganga,Holombuwa,m,28-May-25,9:30 AM,3.0,3.4,5.0,1.02,1.02,Normal,,0.0,2025-05-28 09:30:00,0.0,Low,5,28,9
Kelani Ganga,Holombuwa,m,29-May-25,9:30 AM,3.0,3.4,5.0,0.69,0.69,Normal,,1.4,2025-05-29 09:30:00,0.0,Low,5,29,9
Kelani Ganga,Holombuwa,m,30-May-25,9:30 AM,3.0,3.4,5.0,1.05,1.28,Normal,,40.9,2025-05-30 09:30:00,0.0,Low,5,30,9
Kelani Ganga,Holombuwa,m,31-May-25,9:30 AM,3.0,3.4,5.0,1.12,1.09,Normal,,14.9,2025-05-31 09:30:00,0.0,Low,5,31,9
Kelani Ganga,Holombuwa,m,23-Oct-25,9:30 AM,3.0,3.4,5.0,1.56,2.0,Normal,,35.7,2025-10-23 09:30:00,0.0,Low,10,23,9
Kelani Ganga,Holombuwa,m,23-Oct-25,12:30 PM,3.0,3.4,5.0,1.99,1.82,Normal,,0.0,2025-10-23 12:30:00,0.0,Low,10,23,12
Kelani Ganga,Holombuwa,m,23-Oct-25,3:30 PM,3.0,3.4,5.0,1.54,1.46,Normal,,0.0,2025-10-23 15:30:00,0.0,Low,10,23,15
Kelani Ganga,Holombuwa,m,23-Oct-25,6:30 PM,3.0,3.4,5.0,1.36,1.36,Normal,,12.9,2025-10-23 18:30:00,0.0,Low,10,23,18
Kelani Ganga,Holombuwa,m,23-Oct-25,9:30 PM,3.0,3.4,5.0,1.54,1.84,Normal,,0.0,2025-10-23 21:30:00,0.0,Low,10,23,21
Kelani Ganga,Holombuwa,m,24-Oct-25,12:30 AM,3.0,3.4,5.0,1.84,1.63,Normal,,12.9,2025-10-24 00:30:00,0.0,Low,10,24,0
Kelani Ganga,Holombuwa,m,24-Oct-25,6:30 AM,3.0,3.4,5.0,1.35,1.28,Normal,,0.0,2025-10-24 06:30:00,0.0,Low,10,24,6
Kelani Ganga,Holombuwa,m,24-Oct-25,9:30 AM,3.0,3.4,5.0,1.24,1.21,Normal,,14.0,2025-10-24 09:30:00,0.0,Low,10,24,9
Kelani Ganga,Holombuwa,m,24-Oct-25,12:30 PM,3.0,3.4,5.0,1.16,1.15,Normal,,0.0,2025-10-24 12:30:00,0.0,Low,10,24,12
Kelani Ganga,Holombuwa,m,24-Oct-25,3:30 PM,3.0,3.4,5.0,1.13,1.13,Normal,,7.8,2025-10-24 15:30:00,0.0,Low,10,24,15
Kelani Ganga,Holombuwa,m,24-Oct-25,6:00 PM,3.0,3.4,5.0,1.12,1.16,Normal,,9.8,2025-10-24 18:00:00,0.0,Low,10,24,18
Kelani Ganga,Holombuwa,m,24-Oct-25,6:00 PM,3.0,3.4,5.0,1.12,1.16,Normal,,9.8,2025-10-24 18:00:00,0.0,Low,10,24,18
Kelani Ganga,Holombuwa,m,25-Oct-25,12:00 AM,3.0,3.4,5.0,1.13,1.12,Normal,,15.7,2025-10-25 00:00:00,0.0,Low,10,25,0
Kelani Ganga,Holombuwa,m,25-Oct-25,3:00 AM,3.0,3.4,5.0,1.1,1.08,Normal,,15.7,2025-10-25 03:00:00,0.0,Low,10,25,3
Kelani Ganga,Holombuwa,m,25-Oct-25,6:00 AM,3.0,3.4,5.0,1.11,1.13,Normal,,20.4,2025-10-25 06:00:00,0.0,Low,10,25,6
Kelani Ganga,Holombuwa,m,25-Oct-25,9:00 AM,3.0,3.4,5.0,1.09,1.12,Normal,,0.0,2025-10-25 09:00:00,0.0,Low,10,25,9
Kelani Ganga,Holombuwa,m,25-Oct-25,12:00 PM,3.0,3.4,5.0,1.51,1.6,Normal,,0.0,2025-10-25 12:00:00,0.0,Low,10,25,12
Kelani Ganga,Holombuwa,m,25-Oct-25,3:00 PM,3.0,3.4,5.0,1.5,1.52,Normal,,10.7,2025-10-25 15:00:00,0.0,Low,10,25,15
Kelani Ganga,Holombuwa,m,25-Oct-25,6:00 PM,3.0,3.4,5.0,1.42,1.36,Normal,,0.0,2025-10-25 18:00:00,0.0,Low,10,25,18
Kelani Ganga,Holombuwa,m,23-Nov-25,9:30 PM,3.0,3.4,5.0,1.58,3.08,Alert,Rising,44.0,2025-11-23 21:30:00,1.0,Medium,11,23,21
Kelani Ganga,Holombuwa,m,24-Nov-25,12:30 AM,3.0,3.4,5.0,3.68,3.38,Alert,Falling,44.0,2025-11-24 00:30:00,-1.0,Medium,11,24,0
Kelani Ganga,Holombuwa,m,24-Nov-25,3:30 AM,3.0,3.4,5.0,2.51,2.12,Normal,,44.0,2025-11-24 03:30:00,0.0,Low,11,24,3
Kelani Ganga,Holombuwa,m,24-Nov-25,6:30 AM,3.0,3.4,5.0,1.86,1.78,Normal,,44.0,2025-11-24 06:30:00,0.0,Low,11,24,6
Kelani Ganga,Holombuwa,m,24-Nov-25,9:30 AM,3.0,3.4,5.0,1.67,1.59,Normal,,44.0,2025-11-24 09:30:00,0.0,Low,11,24,9
Kelani Ganga,Holombuwa,m,24-Nov-25,12:30 PM,3.0,3.4,5.0,1.44,1.37,Normal,,0.0,2025-11-24 12:30:00,0.0,Low,11,24,12
Kelani Ganga,Holombuwa,m,24-Nov-25,6:30 PM,3.0,3.4,5.0,1.16,1.16,Normal,,1.9,2025-11-24 18:30:00,0.0,Low,11,24,18
Kelani Ganga,Holombuwa,m,24-Nov-25,9:30 PM,3.0,3.4,5.0,1.18,1.21,Normal,,7.2,2025-11-24 21:30:00,0.0,Low,11,24,21
Kelani Ganga,Holombuwa,m,25-Nov-25,12:30 AM,3.0,3.4,5.0,1.29,1.34,Normal,,8.3,2025-11-25 00:30:00,0.0,Low,11,25,0
Kelani Ganga,Holombuwa,m,25-Nov-25,3:30 AM,3.0,3.4,5.0,1.36,1.32,Normal,,8.3,2025-11-25 03:30:00,0.0,Low,11,25,3
Kelani Ganga,Holombuwa,m,25-Nov-25,6:30 AM,3.0,3.4,5.0,1.83,1.2,Normal,,8.3,2025-11-25 06:30:00,0.0,Low,11,25,6
Kelani Ganga,Holombuwa,m,25-Nov-25,12:30 PM,3.0,3.4,5.0,1.01,1.01,Normal,,0.3,2025-11-25 12:30:00,0.0,Low,11,25,12
Kelani Ganga,Holombuwa,m,25-Nov-25,3:30 PM,3.0,3.4,5.0,1.0,0.99,Normal,,0.9,2025-11-25 15:30:00,0.0,Low,11,25,15
Kelani Ganga,Holombuwa,m,25-Nov-25,6:30 PM,3.0,3.4,5.0,0.99,0.99,Normal,,0.9,2025-11-25 18:30:00,0.0,Low,11,25,18
Kelani Ganga,Holombuwa,m,25-Nov-25,9:30 PM,3.0,3.4,5.0,0.98,0.98,Normal,,0.9,2025-11-25 21:30:00,0.0,Low,11,25,21
Kelani Ganga,Holombuwa,m,26-Nov-25,12:30 AM,3.0,3.4,5.0,0.97,0.97,Normal,,3.1,2025-11-26 00:30:00,0.0,Low,11,26,0
Kelani Ganga,Holombuwa,m,26-Nov-25,3:30 AM,3.0,3.4,5.0,0.96,0.96,Normal,,12.0,2025-11-26 03:30:00,0.0,Low,11,26,3
Kelani Ganga,Holombuwa,m,26-Nov-25,9:30 AM,3.0,3.4,5.0,1.39,1.34,Normal,,20.6,2025-11-26 09:30:00,0.0,Low,11,26,9
Kelani Ganga,Holombuwa,m,26-Nov-25,12:30 PM,3.0,3.4,5.0,1.31,1.39,Normal,,15.7,2025-11-26 12:30:00,0.0,Low,11,26,12
Kelani Ganga,Holombuwa,m,26-Nov-25,9:30 PM,3.0,3.4,5.0,1.76,1.82,Normal,,50.2,2025-11-26 21:30:00,0.0,Low,11,26,21
Kelani Ganga,Holombuwa,m,26-Nov-25,3:30 PM,3.0,3.4,5.0,1.83,2.0,Normal,,17.4,2025-11-26 15:30:00,0.0,Low,11,26,15
Kelani Ganga,Holombuwa,m,26-Nov-25,6:30 PM,3.0,3.4,5.0,2.01,1.91,Normal,,38.4,2025-11-26 18:30:00,0.0,Low,11,26,18
Kelani Ganga,Holombuwa,m,27-Nov-25,12:30 AM,3.0,3.4,5.0,2.11,2.71,Normal,,87.8,2025-11-27 00:30:00,0.0,Low,11,27,0
Kelani Ganga,Holombuwa,m,27-Nov-25,6:30 AM,3.0,3.4,5.0,4.85,4.74,Minor Flood,Falling,127.2,2025-11-27 06:30:00,-1.0,High,11,27,6
Kelani Ganga,Holombuwa,m,27-Nov-25,9:30 AM,3.0,3.4,5.0,4.37,4.26,Minor Flood,Falling,121.9,2025-11-27 09:30:00,-1.0,High,11,27,9
Kelani Ganga,Holombuwa,m,27-Nov-25,12:30 PM,3.0,3.4,5.0,4.34,4.34,Minor Flood,Falling,10.0,2025-11-27 12:30:00,-1.0,High,11,27,12
Kelani Ganga,Holombuwa,m,27-Nov-25,6:30 PM,3.0,3.4,5.0,4.19,4.3,Minor Flood,Rising,36.6,2025-11-27 18:30:00,1.0,High,11,27,18
Kelani Ganga,Holombuwa,m,28-Nov-25,3:30 AM,3.0,3.4,5.0,6.91,7.14,Major Flood,Rising,161.2,2025-11-28 03:30:00,1.0,High,11,28,3
Kelani Ganga,Holombuwa,m,28-Nov-25,6:30 AM,3.0,3.4,5.0,7.27,7.27,Major Flood,Falling,168.5,2025-11-28 06:30:00,-1.0,High,11,28,6
Kelani Ganga,Holombuwa,m,28-Nov-25,9:30 AM,3.0,3.4,5.0,6.57,6.23,Major Flood,Falling,160.4,2025-11-28 09:30:00,-1.0,High,11,28,9
Kelani Ganga,Holombuwa,m,28-Nov-25,12:30 PM,3.0,3.4,5.0,5.89,5.78,Major Flood,Falling,33.4,2025-11-28 12:30:00,-1.0,High,11,28,12
Kelani Ganga,Holombuwa,m,28-Nov-25,3:30 PM,3.0,3.4,5.0,6.04,6.2,Major Flood,Rising,62.2,2025-11-28 15:30:00,1.0,High,11,28,15
Kelani Ganga,Holombuwa,m,29-Nov-25,9:30 PM,3.0,3.4,5.0,2.38,2.3,Normal,,0.3,2025-11-29 21:30:00,0.0,Low,11,29,21
Kelani Ganga,Holombuwa,m,30-Nov-25,12:30 AM,3.0,3.4,5.0,2.25,2.24,Normal,,0.3,2025-11-30 00:30:00,0.0,Low,11,30,0
Kelani Ganga,Holombuwa,m,30-Nov-25,3:30 AM,3.0,3.4,5.0,2.16,2.12,Normal,,0.3,2025-11-30 03:30:00,0.0,Low,11,30,3
Kelani Ganga,Holombuwa,m,30-Nov-25,6:30 AM,3.0,3.4,5.0,2.06,2.0,Normal,,0.3,2025-11-30 06:30:00,0.0,Low,11,30,6
Kelani Ganga,Holombuwa,m,30-Nov-25,9:30 AM,3.0,3.4,5.0,2.0,1.99,Normal,,0.3,2025-11-30 09:30:00,0.0,Low,11,30,9
Kelani Ganga,Holombuwa,m,30-Nov-25,12:30 PM,3.0,3.4,5.0,1.98,1.98,Normal,,0.0,2025-11-30 12:30:00,0.0,Low,11,30,12
Kelani Ganga,Holombuwa,m,30-Nov-25,3:30 PM,3.0,3.4,5.0,1.98,1.82,Normal,,0.0,2025-11-30 15:30:00,0.0,Low,11,30,15
Kelani Ganga,Holombuwa,m,30-Nov-25,6:30 PM,3.0,3.4,5.0,1.67,1.81,Normal,,0.0,2025-11-30 18:30:00,0.0,Low,11,30,18
Kelani Ganga,Holombuwa,m,30-Nov-25,9:30 PM,3.0,3.4,5.0,1.78,1.69,Normal,,0.0,2025-11-30 21:30:00,0.0,Low,11,30,21
Kelani Ganga,Holombuwa,m,1-Dec-25,12:30 AM,3.0,3.4,5.0,1.57,1.51,Normal,,0.0,2025-12-01 00:30:00,0.0,Low,12,1,0
Kelani Ganga,Holombuwa,m,1-Dec-25,3:30 AM,3.0,3.4,5.0,1.47,1.45,Normal,,0.0,2025-12-01 03:30:00,0.0,Low,12,1,3
Kelani Ganga,Holombuwa,m,1-Dec-25,6:30 AM,3.0,3.4,5.0,1.4,1.37,Normal,,0.0,2025-12-01 06:30:00,0.0,Low,12,1,6
Kelani Ganga,Holombuwa,m,1-Dec-25,9:30 AM,3.0,3.4,5.0,1.47,1.5,Normal,,0.0,2025-12-01 09:30:00,0.0,Low,12,1,9
Kelani Ganga,Holombuwa,m,1-Dec-25,12:30 PM,3.0,3.4,5.0,1.49,1.49,Normal,,0.0,2025-12-01 12:30:00,0.0,Low,12,1,12
Kelani Ganga,Holombuwa,m,1-Dec-25,3:30 PM,3.0,3.4,5.0,1.45,1.43,Normal,,0.0,2025-12-01 15:30:00,0.0,Low,12,1,15
Kelani Ganga,Holombuwa,m,1-Dec-25,6:30 PM,3.0,3.4,5.0,1.29,1.32,Normal,,0.0,2025-12-01 18:30:00,0.0,Low,12,1,18
Kelani Ganga,Holombuwa,m,2-Dec-25,12:30 AM,3.0,3.4,5.0,1.3,1.25,Normal,,0.0,2025-12-02 00:30:00,0.0,Low,12,2,0
Kelani Ganga,Holombuwa,m,2-Dec-25,6:30 AM,3.0,3.4,5.0,1.17,1.25,Normal,,0.0,2025-12-02 06:30:00,0.0,Low,12,2,6
Kelani Ganga,Holombuwa,m,2-Dec-25,9:30 AM,3.0,3.4,5.0,1.28,1.28,Normal,,0.0,2025-12-02 09:30:00,0.0,Low,12,2,9
Kelani Ganga,Holombuwa,m,2-Dec-25,12:30 PM,3.0,3.4,5.0,1.25,1.24,Normal,,0.0,2025-12-02 12:30:00,0.0,Low,12,2,12
Kelani Ganga,Holombuwa,m,3-Dec-25,6:30 AM,3.0,3.4,5.0,1.08,1.13,Normal,,0.0,2025-12-03 06:30:00,0.0,Low,12,3,6
Kelani Ganga,Holombuwa,m,3-Dec-25,9:30 AM,3.0,3.4,5.0,1.18,1.18,Normal,,0.0,2025-12-03 09:30:00,0.0,Low,12,3,9
Kelani Ganga,Holombuwa,m,4-Dec-25,3:30 AM,3.0,3.4,5.0,0.99,0.98,Normal,,0.0,2025-12-04 03:30:00,0.0,Low,12,4,3
Kelani Ganga,Holombuwa,m,4-Dec-25,6:30 AM,3.0,3.4,5.0,1.0,1.0,Normal,,0.0,2025-12-04 06:30:00,0.0,Low,12,4,6
Kelani Ganga,Holombuwa,m,5-Dec-25,3:30 AM,3.0,3.4,5.0,0.99,0.99,Normal,,0.0,2025-12-05 03:30:00,0.0,Low,12,5,3
Kelani Ganga,Holombuwa,m,6-Dec-25,12:30 PM,3.0,3.4,5.0,0.9,0.9,Normal,,0.0,2025-12-06 12:30:00,0.0,Low,12,6,12
Kelani Ganga,Holombuwa,m,7-Dec-25,12:30 AM,3.0,3.4,5.0,0.9,0.9,Normal,,0.0,2025-12-07 00:30:00,0.0,Low,12,7,0
Kelani Ganga,Holombuwa,m,8-Dec-25,12:30 PM,3.0,3.4,5.0,0.9,0.9,Normal,,0.0,2025-12-08 12:30:00,0.0,Low,12,8,12
Kelani Ganga,Holombuwa,m,9-Dec-25,3:30 AM,3.0,3.4,5.0,0.72,0.71,Normal,,0.0,2025-12-09 03:30:00,0.0,Low,12,9,3
Kelani Ganga,Holombuwa,m,9-Dec-25,9:30 PM,3.0,3.4,5.0,0.72,0.72,Normal,,0.0,2025-12-09 21:30:00,0.0,Low,12,9,21
Kelani Ganga,Holombuwa,m,10-Dec-25,12:30 AM,3.0,3.4,5.0,0.73,0.73,Normal,,1.2,2025-12-10 00:30:00,0.0,Low,12,10,0
Kelani Ganga,Holombuwa,m,10-Dec-25,6:30 AM,3.0,3.4,5.0,0.8,0.8,Normal,,1.5,2025-12-10 06:30:00,0.0,Low,12,10,6
Kelani Ganga,Holombuwa,m,11-Dec-25,6:30 AM,3.0,3.4,5.0,0.72,0.72,Normal,,0.0,2025-12-11 06:30:00,0.0,Low,12,11,6
Kelani Ganga,Holombuwa,m,11-Dec-25,9:30 AM,3.0,3.4,5.0,0.72,0.72,Normal,,0.0,2025-12-11 09:30:00,0.0,Low,12,11,9
Kelani Ganga,Holombuwa,m,12-Dec-25,6:30 AM,3.0,3.4,5.0,0.67,0.69,Normal,,0.0,2025-12-12 06:30:00,0.0,Low,12,12,6
Kelani Ganga,Holombuwa,m,12-Dec-25,9:30 AM,3.0,3.4,5.0,0.74,0.74,Normal,,0.0,2025-12-12 09:30:00,0.0,Low,12,12,9
Kelani Ganga,Holombuwa,m,13-Dec-25,9:30 AM,3.0,3.4,5.0,0.65,0.63,Normal,,9.5,2025-12-13 09:30:00,0.0,Low,12,13,9
Kelani Ganga,Holombuwa,m,13-Dec-25,3:30 PM,3.0,3.4,5.0,0.63,0.63,Normal,,0.0,2025-12-13 15:30:00,0.0,Low,12,13,15
Kelani Ganga,Holombuwa,m,14-Dec-25,9:30 AM,3.0,3.4,5.0,0.63,0.63,Normal,,0.0,2025-12-14 09:30:00,0.0,Low,12,14,9
Kelani Ganga,Holombuwa,m,15-Dec-25,9:30 AM,3.0,3.4,5.0,0.61,0.61,Normal,,0.0,2025-12-15 09:30:00,0.0,Low,12,15,9
Kelani Ganga,Holombuwa,m,15-Dec-25,3:30 PM,3.0,3.4,5.0,0.61,0.61,Normal,,0.0,2025-12-15 15:30:00,0.0,Low,12,15,15
Kelani Ganga,Holombuwa,m,16-Dec-25,9:30 AM,3.0,3.4,5.0,0.58,0.58,Normal,,2.1,2025-12-16 09:30:00,0.0,Low,12,16,9
Kelani Ganga,Holombuwa,m,17-Dec-25,6:30 AM,3.0,3.4,5.0,0.65,0.64,Normal,,13.5,2025-12-17 06:30:00,0.0,Low,12,17,6
Kelani Ganga,Holombuwa,m,17-Dec-25,3:30 PM,3.0,3.4,5.0,0.62,0.61,Normal,,0.0,2025-12-17 15:30:00,0.0,Low,12,17,15
Kelani Ganga,Holombuwa,m,18-Dec-25,9:30 AM,3.0,3.4,5.0,0.53,0.54,Normal,,0.0,2025-12-18 09:30:00,0.0,Low,12,18,9
Kelani Ganga,Holombuwa,m,18-Dec-25,12:30 PM,3.0,3.4,5.0,0.51,0.51,Normal,,0.0,2025-12-18 12:30:00,0.0,Low,12,18,12
Kelani Ganga,Holombuwa,m,18-Dec-25,3:30 PM,3.0,3.4,5.0,0.53,0.53,Normal,,0.0,2025-12-18 15:30:00,0.0,Low,12,18,15
Kelani Ganga,Holombuwa,m,19-Dec-25,9:30 AM,3.0,3.4,5.0,0.54,0.55,Normal,,13.4,2025-12-19 09:30:00,0.0,Low,12,19,9
Kelani Ganga,Holombuwa,m,19-Dec-25,3:30 PM,3.0,3.4,5.0,0.55,0.55,Normal,,0.0,2025-12-19 15:30:00,0.0,Low,12,19,15
Kelani Ganga,Holombuwa,m,20-Dec-25,9:30 AM,3.0,3.4,5.0,0.51,0.51,Normal,,0.0,2025-12-20 09:30:00,0.0,Low,12,20,9
Kelani Ganga,Holombuwa,m,20-Dec-25,3:30 PM,3.0,3.4,5.0,0.49,0.48,Normal,,0.0,2025-12-20 15:30:00,0.0,Low,12,20,15
Kelani Ganga,Holombuwa,m,21-Dec-25,9:30 AM,3.0,3.4,5.0,0.52,0.5,Normal,,0.0,2025-12-21 09:30:00,0.0,Low,12,21,9
Kelani Ganga,Holombuwa,m,22-Dec-25,9:30 AM,3.0,3.4,5.0,0.57,0.55,Normal,,0.0,2025-12-22 09:30:00,0.0,Low,12,22,9
Kelani Ganga,Holombuwa,m,23-Dec-25,9:30 AM,3.0,3.4,5.0,0.54,0.56,Normal,,0.0,2025-12-23 09:30:00,0.0,Low,12,23,9
Kelani Ganga,Holombuwa,m,24-Dec-25,9:30 AM,3.0,3.4,5.0,0.52,0.52,Normal,,0.0,2025-12-24 09:30:00,0.0,Low,12,24,9
Kelani Ganga,Holombuwa,m,25-Dec-25,9:30 AM,3.0,3.4,5.0,0.53,0.54,Normal,,0.0,2025-12-25 09:30:00,0.0,Low,12,25,9
Kelani Ganga,Holombuwa,m,26-Dec-25,9:30 AM,3.0,3.4,5.0,0.72,0.72,Normal,,0.0,2025-12-26 09:30:00,0.0,Low,12,26,9
Kelani Ganga,Holombuwa,m,27-Dec-25,6:30 AM,3.0,3.4,5.0,0.67,0.69,Normal,,0.0,2025-12-27 06:30:00,0.0,Low,12,27,6
Kelani Ganga,Holombuwa,m,28-Dec-25,9:30 AM,3.0,3.4,5.0,0.54,0.55,Normal,,0.0,2025-12-28 09:30:00,0.0,Low,12,28,9
Kelani Ganga,Holombuwa,m,29-Dec-25,9:30 AM,3.0,3.4,5.0,0.54,0.55,Normal,,0.0,2025-12-29 09:30:00,0.0,Low,12,29,9
Kelani Ganga,Holombuwa,m,30-Dec-25,9:30 AM,3.0,3.4,5.0,0.54,0.55,Normal,,0.0,2025-12-30 09:30:00,0.0,Low,12,30,9
